speaker,corpus,mix,kind,d,sisdri,stoi
cml-tts-pt:11995,cml-tts-pt,0,INT,6.0,4.450226405578114,0.827736416639988
cml-tts-pt:11995,cml-tts-pt,0,INT,12.0,4.884766438467005,0.8402689623303815
cml-tts-pt:11995,cml-tts-pt,0,INT,30.0,5.163267987604517,0.8486889768169629
cml-tts-pt:11995,cml-tts-pt,0,INT,60.0,5.529164667197591,0.8539245649788906
cml-tts-pt:11995,cml-tts-pt,0,INT,90.0,5.733637657899526,0.8570253788592938
cml-tts-pt:11995,cml-tts-pt,1,INT,6.0,8.016903675948056,0.871591261704827
cml-tts-pt:11995,cml-tts-pt,1,INT,12.0,8.496483728451814,0.8770263142917077
cml-tts-pt:11995,cml-tts-pt,1,INT,30.0,9.308235156992753,0.8854973448300535
cml-tts-pt:11995,cml-tts-pt,1,INT,60.0,9.405450824597224,0.8849259326861918
cml-tts-pt:11995,cml-tts-pt,1,INT,90.0,9.495513916888951,0.8861516194334063
cml-tts-pt:11995,cml-tts-pt,2,INT,6.0,3.5172865671714586,0.8321733271195395
cml-tts-pt:11995,cml-tts-pt,2,INT,12.0,3.6716586324225484,0.8365811147847863
cml-tts-pt:11995,cml-tts-pt,2,INT,30.0,4.143279930841049,0.8543319707316028
cml-tts-pt:11995,cml-tts-pt,2,INT,60.0,4.385062451388219,0.8581131665274881
cml-tts-pt:11995,cml-tts-pt,2,INT,90.0,4.520939944671574,0.8594368118895058
cml-tts-pt:11995,cml-tts-pt,3,INT,6.0,7.34938617891416,0.8881528054545805
cml-tts-pt:11995,cml-tts-pt,3,INT,12.0,7.533506464100216,0.8893501619771543
cml-tts-pt:11995,cml-tts-pt,3,INT,30.0,8.993541608841875,0.8958585276472203
cml-tts-pt:11995,cml-tts-pt,3,INT,60.0,9.199193532003244,0.8974670372149657
cml-tts-pt:11995,cml-tts-pt,3,INT,90.0,9.479256058401921,0.9014494103353274
cml-tts-pt:11995,cml-tts-pt,4,INT,6.0,1.510765291674432,0.7175817404264149
cml-tts-pt:11995,cml-tts-pt,4,INT,12.0,1.6869162574403225,0.7240652882210826
cml-tts-pt:11995,cml-tts-pt,4,INT,30.0,1.4943972450704521,0.7187547440215883
cml-tts-pt:11995,cml-tts-pt,4,INT,60.0,2.105073588261973,0.7291797144889683
cml-tts-pt:11995,cml-tts-pt,4,INT,90.0,2.58802316498686,0.7380945064146963
cml-tts-pt:11995,cml-tts-pt,5,INT,6.0,0.5234960351323467,0.8505275690375592
cml-tts-pt:11995,cml-tts-pt,5,INT,12.0,0.42229085177027104,0.8542371030956725
cml-tts-pt:11995,cml-tts-pt,5,INT,30.0,-0.46013585685230685,0.8472713578646381
cml-tts-pt:11995,cml-tts-pt,5,INT,60.0,-0.6485300438058011,0.8491499779087507
cml-tts-pt:11995,cml-tts-pt,5,INT,90.0,-0.6990645053193504,0.8508801812558854
cml-tts-pt:11995,cml-tts-pt,6,INT,6.0,1.7358242320303015,0.8948801450169753
cml-tts-pt:11995,cml-tts-pt,6,INT,12.0,1.969526617637283,0.8972701418315859
cml-tts-pt:11995,cml-tts-pt,6,INT,30.0,2.1416725327187707,0.8959490614269683
cml-tts-pt:11995,cml-tts-pt,6,INT,60.0,2.427426982778334,0.8992405784772596
cml-tts-pt:11995,cml-tts-pt,6,INT,90.0,2.396354385900827,0.8993715308644319
cml-tts-pt:11995,cml-tts-pt,7,INT,6.0,4.611283157774253,0.8784713112602457
cml-tts-pt:11995,cml-tts-pt,7,INT,12.0,4.542986077733647,0.8793184676062137
cml-tts-pt:11995,cml-tts-pt,7,INT,30.0,5.73384665302887,0.8927997673742628
cml-tts-pt:11995,cml-tts-pt,7,INT,60.0,6.101318198128962,0.8980449117602483
cml-tts-pt:11995,cml-tts-pt,7,INT,90.0,6.26406794283437,0.9009154329810515
cml-tts-pt:11995,cml-tts-pt,8,INT,6.0,-3.604850064633131,0.7297283683493019
cml-tts-pt:11995,cml-tts-pt,8,INT,12.0,-2.777195320631629,0.7566873235489485
cml-tts-pt:11995,cml-tts-pt,8,INT,30.0,-1.212924661806484,0.7885945683775959
cml-tts-pt:11995,cml-tts-pt,8,INT,60.0,-0.9069442570767904,0.795424141568478
cml-tts-pt:11995,cml-tts-pt,8,INT,90.0,-0.17807708137300052,0.8109079871403289
cml-tts-pt:11995,cml-tts-pt,9,INT,6.0,4.158910130194145,0.9001070784737782
cml-tts-pt:11995,cml-tts-pt,9,INT,12.0,4.1656107208292275,0.9011666135813693
cml-tts-pt:11995,cml-tts-pt,9,INT,30.0,5.632315206391611,0.9245273538606779
cml-tts-pt:11995,cml-tts-pt,9,INT,60.0,6.404915800991792,0.9278154317643171
cml-tts-pt:11995,cml-tts-pt,9,INT,90.0,6.489002923313087,0.9282402647824165
cml-tts-pt:11995,cml-tts-pt,10,INTN,6.0,-1.1528489675209233,0.6149515847277504
cml-tts-pt:11995,cml-tts-pt,10,INTN,12.0,-0.919687820733901,0.6308435126411726
cml-tts-pt:11995,cml-tts-pt,10,INTN,30.0,-0.8856026800266528,0.6422261236135434
cml-tts-pt:11995,cml-tts-pt,10,INTN,60.0,-0.4201607010774214,0.647044907798171
cml-tts-pt:11995,cml-tts-pt,10,INTN,90.0,-0.135363396091738,0.655670791031166
cml-tts-pt:11995,cml-tts-pt,11,INTN,6.0,5.020476454353466,0.47435996915714024
cml-tts-pt:11995,cml-tts-pt,11,INTN,12.0,5.139975578822432,0.4684190898197833
cml-tts-pt:11995,cml-tts-pt,11,INTN,30.0,3.5989138962509735,0.43590292798935043
cml-tts-pt:11995,cml-tts-pt,11,INTN,60.0,4.839999354497629,0.4525855089146625
cml-tts-pt:11995,cml-tts-pt,11,INTN,90.0,4.954897956514427,0.45372150645912573
cml-tts-pt:11995,cml-tts-pt,12,INTN,6.0,0.8733137693674488,0.6028602422119651
cml-tts-pt:11995,cml-tts-pt,12,INTN,12.0,0.6349732896525084,0.6091241920803153
cml-tts-pt:11995,cml-tts-pt,12,INTN,30.0,0.2304943942238699,0.6048692658081749
cml-tts-pt:11995,cml-tts-pt,12,INTN,60.0,0.5291161989336733,0.6080657669035098
cml-tts-pt:11995,cml-tts-pt,12,INTN,90.0,0.4845449686532775,0.610735118972954
cml-tts-pt:11995,cml-tts-pt,13,INTN,6.0,-2.3157181538903853,0.6919289801688299
cml-tts-pt:11995,cml-tts-pt,13,INTN,12.0,-2.0356884666918895,0.6949162117115527
cml-tts-pt:11995,cml-tts-pt,13,INTN,30.0,-2.075419510090483,0.6900986492278228
cml-tts-pt:11995,cml-tts-pt,13,INTN,60.0,-1.6664733291210887,0.6992584505785682
cml-tts-pt:11995,cml-tts-pt,13,INTN,90.0,-1.4664251906680164,0.7012803506180547
cml-tts-pt:11995,cml-tts-pt,14,INTN,6.0,2.496632901511766,0.8467822169672555
cml-tts-pt:11995,cml-tts-pt,14,INTN,12.0,2.5352666528386787,0.8488219656125185
cml-tts-pt:11995,cml-tts-pt,14,INTN,30.0,2.817210864553124,0.8524192211836853
cml-tts-pt:11995,cml-tts-pt,14,INTN,60.0,3.21640240756587,0.8544563055795794
cml-tts-pt:11995,cml-tts-pt,14,INTN,90.0,3.280173638040275,0.857561886084481
cml-tts-pt:11995,cml-tts-pt,15,INTN,6.0,5.026368249873156,0.8610479500471921
cml-tts-pt:11995,cml-tts-pt,15,INTN,12.0,5.2186089701268825,0.8672414668124135
cml-tts-pt:11995,cml-tts-pt,15,INTN,30.0,5.754394916962774,0.870770961865324
cml-tts-pt:11995,cml-tts-pt,15,INTN,60.0,5.9148113531826665,0.8725184198729793
cml-tts-pt:11995,cml-tts-pt,15,INTN,90.0,6.012426118154523,0.8732411857172205
cml-tts-pt:11995,cml-tts-pt,16,INTN,6.0,-2.369685341368964,0.4356526203609381
cml-tts-pt:11995,cml-tts-pt,16,INTN,12.0,-2.557907035534504,0.42220092646500224
cml-tts-pt:11995,cml-tts-pt,16,INTN,30.0,-3.1479739120097654,0.42494822348042266
cml-tts-pt:11995,cml-tts-pt,16,INTN,60.0,-2.6844332930575896,0.4406568731802143
cml-tts-pt:11995,cml-tts-pt,16,INTN,90.0,-2.198081192979562,0.43297471605754123
cml-tts-pt:11995,cml-tts-pt,17,INTN,6.0,4.097909690691467,0.9038925937313754
cml-tts-pt:11995,cml-tts-pt,17,INTN,12.0,4.257094835590348,0.9074079802701864
cml-tts-pt:11995,cml-tts-pt,17,INTN,30.0,4.348797793326802,0.9078654591811036
cml-tts-pt:11995,cml-tts-pt,17,INTN,60.0,4.4385769677212625,0.90784395114774
cml-tts-pt:11995,cml-tts-pt,17,INTN,90.0,4.492381157729411,0.9087381219041379
cml-tts-pt:11995,cml-tts-pt,18,NOISE,6.0,12.880278056144364,0.9171116388018858
cml-tts-pt:11995,cml-tts-pt,18,NOISE,12.0,13.000599162316442,0.9203063868926802
cml-tts-pt:11995,cml-tts-pt,18,NOISE,30.0,13.066462783609026,0.9210382053397058
cml-tts-pt:11995,cml-tts-pt,18,NOISE,60.0,13.081647180807138,0.9216934440044877
cml-tts-pt:11995,cml-tts-pt,18,NOISE,90.0,13.154461831110064,0.9226296989864786
cml-tts-pt:11995,cml-tts-pt,19,NOISE,6.0,10.234771399108963,0.9308864093905617
cml-tts-pt:11995,cml-tts-pt,19,NOISE,12.0,10.162790556839722,0.9303100644196859
cml-tts-pt:11995,cml-tts-pt,19,NOISE,30.0,10.277948201459482,0.9307281054563113
cml-tts-pt:11995,cml-tts-pt,19,NOISE,60.0,10.444411815803814,0.9313111249999707
cml-tts-pt:11995,cml-tts-pt,19,NOISE,90.0,10.541682561816295,0.931714491032314
cml-tts-pt:11995,cml-tts-pt,20,NOISE,6.0,5.303896662622051,0.9736096053231158
cml-tts-pt:11995,cml-tts-pt,20,NOISE,12.0,5.4831612386629125,0.9739482937575286
cml-tts-pt:11995,cml-tts-pt,20,NOISE,30.0,6.055382374421114,0.974947997641765
cml-tts-pt:11995,cml-tts-pt,20,NOISE,60.0,6.374353502976743,0.9759180766978086
cml-tts-pt:11995,cml-tts-pt,20,NOISE,90.0,6.40257647668637,0.9773633346391799
cml-tts-pt:11995,cml-tts-pt,21,NOISE,6.0,8.283179991326252,0.8991194452915813
cml-tts-pt:11995,cml-tts-pt,21,NOISE,12.0,8.30545314114921,0.8984736990169523
cml-tts-pt:11995,cml-tts-pt,21,NOISE,30.0,8.293427584559739,0.897243741960741
cml-tts-pt:11995,cml-tts-pt,21,NOISE,60.0,8.344499838022854,0.8999242139148617
cml-tts-pt:11995,cml-tts-pt,21,NOISE,90.0,8.378757911581491,0.9007088043700054
cml-tts-pt:11995,cml-tts-pt,22,NOISE,6.0,8.090588449404057,0.9477405226047139
cml-tts-pt:11995,cml-tts-pt,22,NOISE,12.0,8.17096931929389,0.9482164355880393
cml-tts-pt:11995,cml-tts-pt,22,NOISE,30.0,8.154503522125928,0.9475161539805229
cml-tts-pt:11995,cml-tts-pt,22,NOISE,60.0,8.156421926187116,0.9466401082993223
cml-tts-pt:11995,cml-tts-pt,22,NOISE,90.0,8.143825115590962,0.9460400359775853
cml-tts-pt:11995,cml-tts-pt,23,NOISE,6.0,4.639934247958605,0.8984028512377379
cml-tts-pt:11995,cml-tts-pt,23,NOISE,12.0,4.674061169517261,0.8991112523450487
cml-tts-pt:11995,cml-tts-pt,23,NOISE,30.0,4.773400866545148,0.9016852512934044
cml-tts-pt:11995,cml-tts-pt,23,NOISE,60.0,4.793755483704362,0.9013202887117254
cml-tts-pt:11995,cml-tts-pt,23,NOISE,90.0,4.87432019432151,0.9018337850851187
cml-tts-pt:12707,cml-tts-pt,0,INT,6.0,7.581299656994159,0.8383865585336036
cml-tts-pt:12707,cml-tts-pt,0,INT,12.0,7.609690646954576,0.8403734733270963
cml-tts-pt:12707,cml-tts-pt,0,INT,30.0,7.287214629067589,0.8284665789535094
cml-tts-pt:12707,cml-tts-pt,0,INT,60.0,7.570482845069235,0.8310419805630967
cml-tts-pt:12707,cml-tts-pt,0,INT,90.0,7.386526586865774,0.8285392064679415
cml-tts-pt:12707,cml-tts-pt,1,INT,6.0,10.43995162622337,0.9087953305352281
cml-tts-pt:12707,cml-tts-pt,1,INT,12.0,10.48525329920489,0.9094079147004832
cml-tts-pt:12707,cml-tts-pt,1,INT,30.0,9.786050740719448,0.8977650630294215
cml-tts-pt:12707,cml-tts-pt,1,INT,60.0,9.73732839276557,0.8983596907523365
cml-tts-pt:12707,cml-tts-pt,1,INT,90.0,9.682022027087411,0.8984436185240133
cml-tts-pt:12707,cml-tts-pt,2,INT,6.0,4.184404460319716,0.7901246973414019
cml-tts-pt:12707,cml-tts-pt,2,INT,12.0,3.797731869568746,0.7852895125900311
cml-tts-pt:12707,cml-tts-pt,2,INT,30.0,3.8588177323691517,0.7681124742783557
cml-tts-pt:12707,cml-tts-pt,2,INT,60.0,3.815355522431672,0.7771472366497875
cml-tts-pt:12707,cml-tts-pt,2,INT,90.0,3.604707695401562,0.7686719392198397
cml-tts-pt:12707,cml-tts-pt,3,INT,6.0,5.53182821398974,0.8489763328144506
cml-tts-pt:12707,cml-tts-pt,3,INT,12.0,5.639794559484408,0.8494044780351783
cml-tts-pt:12707,cml-tts-pt,3,INT,30.0,5.426378203510701,0.846323022709444
cml-tts-pt:12707,cml-tts-pt,3,INT,60.0,5.628315335969705,0.8510399561497309
cml-tts-pt:12707,cml-tts-pt,3,INT,90.0,5.527262866264839,0.8485896011107154
cml-tts-pt:12707,cml-tts-pt,4,INT,6.0,3.3393152257859064,0.7488591154147713
cml-tts-pt:12707,cml-tts-pt,4,INT,12.0,3.4416587237949288,0.7481630095518231
cml-tts-pt:12707,cml-tts-pt,4,INT,30.0,3.436791439872021,0.7364269733217196
cml-tts-pt:12707,cml-tts-pt,4,INT,60.0,3.493910250154459,0.738460682395583
cml-tts-pt:12707,cml-tts-pt,4,INT,90.0,3.5194958471362487,0.7363171243321829
cml-tts-pt:12707,cml-tts-pt,5,INT,6.0,4.180099508418512,0.8381872862411125
cml-tts-pt:12707,cml-tts-pt,5,INT,12.0,4.102703773306966,0.8338844509607927
cml-tts-pt:12707,cml-tts-pt,5,INT,30.0,4.263794798113896,0.83323213585201
cml-tts-pt:12707,cml-tts-pt,5,INT,60.0,4.311197488947711,0.8320982857770248
cml-tts-pt:12707,cml-tts-pt,5,INT,90.0,4.229430686304581,0.8304522274967603
cml-tts-pt:12707,cml-tts-pt,6,INT,6.0,1.0306183113883554,0.8154755274059529
cml-tts-pt:12707,cml-tts-pt,6,INT,12.0,0.7324926470564798,0.8102307890077282
cml-tts-pt:12707,cml-tts-pt,6,INT,30.0,-0.5464262606776785,0.7908027623874153
cml-tts-pt:12707,cml-tts-pt,6,INT,60.0,-0.20037549974930582,0.7946212663942483
cml-tts-pt:12707,cml-tts-pt,6,INT,90.0,-0.4024924351204038,0.7911759342903876
cml-tts-pt:12707,cml-tts-pt,7,INT,6.0,6.359168537273066,0.8930970994787971
cml-tts-pt:12707,cml-tts-pt,7,INT,12.0,6.3637480588075555,0.8917752133605674
cml-tts-pt:12707,cml-tts-pt,7,INT,30.0,6.393134200156812,0.8888754359077388
cml-tts-pt:12707,cml-tts-pt,7,INT,60.0,6.456664612453405,0.8912344977250627
cml-tts-pt:12707,cml-tts-pt,7,INT,90.0,6.396156473470242,0.8903171014648027
cml-tts-pt:12707,cml-tts-pt,8,INT,6.0,4.640055793086852,0.8140815317833633
cml-tts-pt:12707,cml-tts-pt,8,INT,12.0,4.72037138164757,0.8120629364158697
cml-tts-pt:12707,cml-tts-pt,8,INT,30.0,4.751022387188226,0.8052205297157231
cml-tts-pt:12707,cml-tts-pt,8,INT,60.0,4.730016318444599,0.8073371660066287
cml-tts-pt:12707,cml-tts-pt,8,INT,90.0,4.697205082882877,0.8058743031669117
cml-tts-pt:12707,cml-tts-pt,9,INT,6.0,6.95495272743774,0.926390790947627
cml-tts-pt:12707,cml-tts-pt,9,INT,12.0,6.956534746995789,0.9281384850420372
cml-tts-pt:12707,cml-tts-pt,9,INT,30.0,7.02919211412956,0.9254637086405403
cml-tts-pt:12707,cml-tts-pt,9,INT,60.0,6.917735373615318,0.9257645354086098
cml-tts-pt:12707,cml-tts-pt,9,INT,90.0,6.869070956574354,0.9252109638771531
cml-tts-pt:12707,cml-tts-pt,10,INTN,6.0,2.2827205378384705,0.6933927017336634
cml-tts-pt:12707,cml-tts-pt,10,INTN,12.0,2.1406730152404565,0.6915139389815285
cml-tts-pt:12707,cml-tts-pt,10,INTN,30.0,2.719550998228534,0.6972264725336118
cml-tts-pt:12707,cml-tts-pt,10,INTN,60.0,2.745508993191344,0.6965809195899338
cml-tts-pt:12707,cml-tts-pt,10,INTN,90.0,2.6675226715231424,0.6945723344771612
cml-tts-pt:12707,cml-tts-pt,11,INTN,6.0,11.033681969539563,0.7945976906986166
cml-tts-pt:12707,cml-tts-pt,11,INTN,12.0,11.153271265830162,0.7889017059916648
cml-tts-pt:12707,cml-tts-pt,11,INTN,30.0,10.863544748556246,0.7782757552735001
cml-tts-pt:12707,cml-tts-pt,11,INTN,60.0,10.965621296966992,0.7785867146802475
cml-tts-pt:12707,cml-tts-pt,11,INTN,90.0,10.866488365387548,0.7764675800571674
cml-tts-pt:12707,cml-tts-pt,12,INTN,6.0,-1.2250757446659069,0.6985042044961759
cml-tts-pt:12707,cml-tts-pt,12,INTN,12.0,-1.0213424250090835,0.7044714421850299
cml-tts-pt:12707,cml-tts-pt,12,INTN,30.0,-0.5248912168643582,0.7021681941888022
cml-tts-pt:12707,cml-tts-pt,12,INTN,60.0,-0.652187242406322,0.6989073006696357
cml-tts-pt:12707,cml-tts-pt,12,INTN,90.0,-0.5206924563639918,0.6997004916673241
cml-tts-pt:12707,cml-tts-pt,13,INTN,6.0,8.423190114371828,0.8507848319119354
cml-tts-pt:12707,cml-tts-pt,13,INTN,12.0,8.024480390391481,0.8537568782950825
cml-tts-pt:12707,cml-tts-pt,13,INTN,30.0,8.514357250717326,0.8471777771583421
cml-tts-pt:12707,cml-tts-pt,13,INTN,60.0,8.568029378805464,0.8569374685322955
cml-tts-pt:12707,cml-tts-pt,13,INTN,90.0,8.603562699233052,0.8516309167375992
cml-tts-pt:12707,cml-tts-pt,14,INTN,6.0,6.771273173804104,0.8166979016962865
cml-tts-pt:12707,cml-tts-pt,14,INTN,12.0,7.0806901958616635,0.8187748515143422
cml-tts-pt:12707,cml-tts-pt,14,INTN,30.0,6.579307635342538,0.8020956218842173
cml-tts-pt:12707,cml-tts-pt,14,INTN,60.0,6.680685583958348,0.8044195639218393
cml-tts-pt:12707,cml-tts-pt,14,INTN,90.0,6.69971505000828,0.805551622413364
cml-tts-pt:12707,cml-tts-pt,15,INTN,6.0,0.9458561838271841,0.6597949999468377
cml-tts-pt:12707,cml-tts-pt,15,INTN,12.0,1.5707616861291627,0.6704196699526808
cml-tts-pt:12707,cml-tts-pt,15,INTN,30.0,1.8653190845670966,0.6749585633230989
cml-tts-pt:12707,cml-tts-pt,15,INTN,60.0,1.8576318233505298,0.6749831075022216
cml-tts-pt:12707,cml-tts-pt,15,INTN,90.0,1.935034312470249,0.6762342528116253
cml-tts-pt:12707,cml-tts-pt,16,INTN,6.0,1.3348611002766078,0.7848121481498603
cml-tts-pt:12707,cml-tts-pt,16,INTN,12.0,1.5409195549401964,0.7860847899702614
cml-tts-pt:12707,cml-tts-pt,16,INTN,30.0,1.3606496097489498,0.7839697856285884
cml-tts-pt:12707,cml-tts-pt,16,INTN,60.0,1.5075474430052616,0.7859132301098378
cml-tts-pt:12707,cml-tts-pt,16,INTN,90.0,1.5006437821912488,0.7853295098676566
cml-tts-pt:12707,cml-tts-pt,17,INTN,6.0,1.0120619169802358,0.7834721764740479
cml-tts-pt:12707,cml-tts-pt,17,INTN,12.0,1.005005239064542,0.7819219826155552
cml-tts-pt:12707,cml-tts-pt,17,INTN,30.0,-0.2886764805834381,0.7523465222444624
cml-tts-pt:12707,cml-tts-pt,17,INTN,60.0,0.14155737537372534,0.7628949432657487
cml-tts-pt:12707,cml-tts-pt,17,INTN,90.0,0.059307093685350566,0.7589586334942852
cml-tts-pt:12707,cml-tts-pt,18,NOISE,6.0,9.587962907561208,0.8792551380586535
cml-tts-pt:12707,cml-tts-pt,18,NOISE,12.0,9.581956602027256,0.8788069020511454
cml-tts-pt:12707,cml-tts-pt,18,NOISE,30.0,9.21022324568619,0.8694643346363015
cml-tts-pt:12707,cml-tts-pt,18,NOISE,60.0,9.262206306307796,0.8699800680591213
cml-tts-pt:12707,cml-tts-pt,18,NOISE,90.0,9.20446133486933,0.8687435404433425
cml-tts-pt:12707,cml-tts-pt,19,NOISE,6.0,3.765996060200431,0.8396037100172998
cml-tts-pt:12707,cml-tts-pt,19,NOISE,12.0,4.128640927674801,0.841393141188956
cml-tts-pt:12707,cml-tts-pt,19,NOISE,30.0,3.4371233426522494,0.8392267285628408
cml-tts-pt:12707,cml-tts-pt,19,NOISE,60.0,3.720621446500736,0.8385077066158889
cml-tts-pt:12707,cml-tts-pt,19,NOISE,90.0,3.4978739069581253,0.8360274182254294
cml-tts-pt:12707,cml-tts-pt,20,NOISE,6.0,10.912944826043166,0.9773943369649424
cml-tts-pt:12707,cml-tts-pt,20,NOISE,12.0,11.197438248460287,0.9777043878693551
cml-tts-pt:12707,cml-tts-pt,20,NOISE,30.0,10.494730123989706,0.9760291457035075
cml-tts-pt:12707,cml-tts-pt,20,NOISE,60.0,10.76811372586185,0.9765340094735163
cml-tts-pt:12707,cml-tts-pt,20,NOISE,90.0,10.642269519328847,0.9762706485674867
cml-tts-pt:12707,cml-tts-pt,21,NOISE,6.0,8.393413511102496,0.8495209828023406
cml-tts-pt:12707,cml-tts-pt,21,NOISE,12.0,8.445102587571332,0.8464015545580885
cml-tts-pt:12707,cml-tts-pt,21,NOISE,30.0,8.360938167230252,0.8460161246964323
cml-tts-pt:12707,cml-tts-pt,21,NOISE,60.0,8.497237818010015,0.8481732471954095
cml-tts-pt:12707,cml-tts-pt,21,NOISE,90.0,8.505031430633627,0.8491870038499926
cml-tts-pt:12707,cml-tts-pt,22,NOISE,6.0,4.749215576121003,0.9340415945097286
cml-tts-pt:12707,cml-tts-pt,22,NOISE,12.0,4.600280288905506,0.9332234241643796
cml-tts-pt:12707,cml-tts-pt,22,NOISE,30.0,4.5134242744621575,0.9319427137377562
cml-tts-pt:12707,cml-tts-pt,22,NOISE,60.0,4.510281725084094,0.9320532708837409
cml-tts-pt:12707,cml-tts-pt,22,NOISE,90.0,4.500907703357357,0.9316663297695437
cml-tts-pt:12707,cml-tts-pt,23,NOISE,6.0,8.718484152615138,0.9455209541669154
cml-tts-pt:12707,cml-tts-pt,23,NOISE,12.0,8.88743809735127,0.9451571569208267
cml-tts-pt:12707,cml-tts-pt,23,NOISE,30.0,8.84609938459758,0.9453195042276419
cml-tts-pt:12707,cml-tts-pt,23,NOISE,60.0,8.878424247166647,0.9446722289388477
cml-tts-pt:12707,cml-tts-pt,23,NOISE,90.0,8.86397792508931,0.944540958938064
cml-tts-pt:12710,cml-tts-pt,0,INT,6.0,-1.5223483698035525,0.631070173175337
cml-tts-pt:12710,cml-tts-pt,0,INT,12.0,-2.2327643877509455,0.6067668517618027
cml-tts-pt:12710,cml-tts-pt,0,INT,30.0,-3.5104886859897277,0.591288681334775
cml-tts-pt:12710,cml-tts-pt,0,INT,60.0,-3.089721833226864,0.6027952988414359
cml-tts-pt:12710,cml-tts-pt,0,INT,90.0,-3.0076394133373134,0.6023932143112681
cml-tts-pt:12710,cml-tts-pt,1,INT,6.0,1.2020169397404414,0.815236979798375
cml-tts-pt:12710,cml-tts-pt,1,INT,12.0,1.6151050570621102,0.8247011885607191
cml-tts-pt:12710,cml-tts-pt,1,INT,30.0,-1.203052232812774,0.7931765649498836
cml-tts-pt:12710,cml-tts-pt,1,INT,60.0,-0.6894756107978761,0.8008933967967219
cml-tts-pt:12710,cml-tts-pt,1,INT,90.0,-0.7656629739929839,0.8065404463534548
cml-tts-pt:12710,cml-tts-pt,2,INT,6.0,-4.076399630420742,0.5723962497178313
cml-tts-pt:12710,cml-tts-pt,2,INT,12.0,-4.6367803112813775,0.5547914296326334
cml-tts-pt:12710,cml-tts-pt,2,INT,30.0,-3.9964213930881285,0.5957333256269925
cml-tts-pt:12710,cml-tts-pt,2,INT,60.0,-3.153908209470226,0.622670460171577
cml-tts-pt:12710,cml-tts-pt,2,INT,90.0,-3.420269078027045,0.6117231251996789
cml-tts-pt:12710,cml-tts-pt,3,INT,6.0,-1.8175858675595116,0.5371906959844932
cml-tts-pt:12710,cml-tts-pt,3,INT,12.0,-1.5465289345333801,0.5456537428716725
cml-tts-pt:12710,cml-tts-pt,3,INT,30.0,-0.5958036236467071,0.5718291711111102
cml-tts-pt:12710,cml-tts-pt,3,INT,60.0,-0.46828965113081317,0.5698516068492212
cml-tts-pt:12710,cml-tts-pt,3,INT,90.0,-0.3097094091873853,0.5725296046188498
cml-tts-pt:12710,cml-tts-pt,4,INT,6.0,-1.9491117812941479,0.6581796011057595
cml-tts-pt:12710,cml-tts-pt,4,INT,12.0,-2.255681976871396,0.6410633583324366
cml-tts-pt:12710,cml-tts-pt,4,INT,30.0,-1.363913320674377,0.715145423417089
cml-tts-pt:12710,cml-tts-pt,4,INT,60.0,-1.375791589809299,0.7162087679068753
cml-tts-pt:12710,cml-tts-pt,4,INT,90.0,-1.5220687293112427,0.7112004873260748
cml-tts-pt:12710,cml-tts-pt,5,INT,6.0,-15.791900491278826,0.4079468435358154
cml-tts-pt:12710,cml-tts-pt,5,INT,12.0,-18.694714602040897,0.3623563362577327
cml-tts-pt:12710,cml-tts-pt,5,INT,30.0,-14.755554558991387,0.4749624471749388
cml-tts-pt:12710,cml-tts-pt,5,INT,60.0,-13.2518924702867,0.4709410052516915
cml-tts-pt:12710,cml-tts-pt,5,INT,90.0,-14.635469315372843,0.4438616128479955
cml-tts-pt:12710,cml-tts-pt,6,INT,6.0,-5.482337167372546,0.6835538728850811
cml-tts-pt:12710,cml-tts-pt,6,INT,12.0,-5.904196452979579,0.66937230874446
cml-tts-pt:12710,cml-tts-pt,6,INT,30.0,-5.800842400882896,0.6767663957314946
cml-tts-pt:12710,cml-tts-pt,6,INT,60.0,-4.900771931754161,0.7048135621669845
cml-tts-pt:12710,cml-tts-pt,6,INT,90.0,-5.379470834852761,0.6942507143511168
cml-tts-pt:12710,cml-tts-pt,7,INT,6.0,-1.7322639290899862,0.7613827105144398
cml-tts-pt:12710,cml-tts-pt,7,INT,12.0,-2.8494547923002798,0.7348966031049574
cml-tts-pt:12710,cml-tts-pt,7,INT,30.0,-0.4552431174759872,0.7795539117006878
cml-tts-pt:12710,cml-tts-pt,7,INT,60.0,1.0297808802461708,0.7907873326307925
cml-tts-pt:12710,cml-tts-pt,7,INT,90.0,0.8056108130323173,0.7872628227091258
cml-tts-pt:12710,cml-tts-pt,8,INT,6.0,2.500190697066133,0.8607986601828627
cml-tts-pt:12710,cml-tts-pt,8,INT,12.0,2.021968964223308,0.8590913243738975
cml-tts-pt:12710,cml-tts-pt,8,INT,30.0,1.4953309443431477,0.8595787145625641
cml-tts-pt:12710,cml-tts-pt,8,INT,60.0,3.0147371367610547,0.8811802406379533
cml-tts-pt:12710,cml-tts-pt,8,INT,90.0,2.8494088707254064,0.8805275048660673
cml-tts-pt:12710,cml-tts-pt,9,INT,6.0,-0.004893265621497944,0.7872893788879293
cml-tts-pt:12710,cml-tts-pt,9,INT,12.0,-0.585288657090663,0.7638485082292611
cml-tts-pt:12710,cml-tts-pt,9,INT,30.0,-2.04629616781603,0.7077796128414517
cml-tts-pt:12710,cml-tts-pt,9,INT,60.0,-2.158537895714684,0.7091040141872423
cml-tts-pt:12710,cml-tts-pt,9,INT,90.0,-2.1899477590456695,0.7038441534249643
cml-tts-pt:12710,cml-tts-pt,10,INTN,6.0,-5.049969451742762,0.6130333691911943
cml-tts-pt:12710,cml-tts-pt,10,INTN,12.0,-5.064591140499041,0.614706731528912
cml-tts-pt:12710,cml-tts-pt,10,INTN,30.0,-5.0340518216646695,0.5933405367232546
cml-tts-pt:12710,cml-tts-pt,10,INTN,60.0,-4.2020568609016875,0.608710061839768
cml-tts-pt:12710,cml-tts-pt,10,INTN,90.0,-4.288858670115879,0.6071991006762265
cml-tts-pt:12710,cml-tts-pt,11,INTN,6.0,-0.579588458070503,0.5894514953596415
cml-tts-pt:12710,cml-tts-pt,11,INTN,12.0,-1.012943944842828,0.580980961957002
cml-tts-pt:12710,cml-tts-pt,11,INTN,30.0,-0.08229950465133277,0.5894272842004512
cml-tts-pt:12710,cml-tts-pt,11,INTN,60.0,0.22432606958233003,0.6001276311058542
cml-tts-pt:12710,cml-tts-pt,11,INTN,90.0,0.14873107560305268,0.5954318533190688
cml-tts-pt:12710,cml-tts-pt,12,INTN,6.0,-1.299144743766966,0.7066183144101329
cml-tts-pt:12710,cml-tts-pt,12,INTN,12.0,-1.30756990596207,0.7086659946657314
cml-tts-pt:12710,cml-tts-pt,12,INTN,30.0,-0.18663163083229847,0.7255783014586635
cml-tts-pt:12710,cml-tts-pt,12,INTN,60.0,-0.6286512991613126,0.7184171461346164
cml-tts-pt:12710,cml-tts-pt,12,INTN,90.0,-0.621697269333224,0.7192153342530178
cml-tts-pt:12710,cml-tts-pt,13,INTN,6.0,1.7508474616792664,0.6758409074730531
cml-tts-pt:12710,cml-tts-pt,13,INTN,12.0,1.8371263599112935,0.6841751064965833
cml-tts-pt:12710,cml-tts-pt,13,INTN,30.0,2.311794571555675,0.6956822550849334
cml-tts-pt:12710,cml-tts-pt,13,INTN,60.0,2.3920719860455404,0.6956578529618263
cml-tts-pt:12710,cml-tts-pt,13,INTN,90.0,2.4105494090580457,0.6970167136749645
cml-tts-pt:12710,cml-tts-pt,14,INTN,6.0,0.48216323724684146,0.6910328979543965
cml-tts-pt:12710,cml-tts-pt,14,INTN,12.0,0.521349541833585,0.6933843992236365
cml-tts-pt:12710,cml-tts-pt,14,INTN,30.0,0.7126920370260854,0.6996350804649708
cml-tts-pt:12710,cml-tts-pt,14,INTN,60.0,0.8898661094717958,0.7043990009563567
cml-tts-pt:12710,cml-tts-pt,14,INTN,90.0,0.9148953809721975,0.7052933515670269
cml-tts-pt:12710,cml-tts-pt,15,INTN,6.0,1.6343316876921286,0.7888805113815797
cml-tts-pt:12710,cml-tts-pt,15,INTN,12.0,1.7930166664815836,0.7902726312964224
cml-tts-pt:12710,cml-tts-pt,15,INTN,30.0,-1.368239211168161,0.7383623831870155
cml-tts-pt:12710,cml-tts-pt,15,INTN,60.0,0.97821933946959,0.7814933374569968
cml-tts-pt:12710,cml-tts-pt,15,INTN,90.0,0.5283747336933583,0.7724842601101214
cml-tts-pt:12710,cml-tts-pt,16,INTN,6.0,3.481001739347395,0.8394052912470551
cml-tts-pt:12710,cml-tts-pt,16,INTN,12.0,3.507257538190014,0.8338518427104078
cml-tts-pt:12710,cml-tts-pt,16,INTN,30.0,4.290250319985831,0.8552154558449727
cml-tts-pt:12710,cml-tts-pt,16,INTN,60.0,4.70955668466038,0.8628078712000139
cml-tts-pt:12710,cml-tts-pt,16,INTN,90.0,4.672595025112023,0.8632263699797527
cml-tts-pt:12710,cml-tts-pt,17,INTN,6.0,-2.3692531831695267,0.7005469464517192
cml-tts-pt:12710,cml-tts-pt,17,INTN,12.0,-3.021574912936251,0.6971060244132751
cml-tts-pt:12710,cml-tts-pt,17,INTN,30.0,0.8581546645019046,0.7794729416969872
cml-tts-pt:12710,cml-tts-pt,17,INTN,60.0,1.5469728384984525,0.7923139235947083
cml-tts-pt:12710,cml-tts-pt,17,INTN,90.0,1.7047843186382454,0.7942694744433075
cml-tts-pt:12710,cml-tts-pt,18,NOISE,6.0,3.390035970118984,0.7425487774028294
cml-tts-pt:12710,cml-tts-pt,18,NOISE,12.0,0.48442990283263826,0.6720974592111437
cml-tts-pt:12710,cml-tts-pt,18,NOISE,30.0,7.0374045196306065,0.8410726041423852
cml-tts-pt:12710,cml-tts-pt,18,NOISE,60.0,10.265688722134747,0.8883077917714693
cml-tts-pt:12710,cml-tts-pt,18,NOISE,90.0,8.951253407462923,0.8861332346876086
cml-tts-pt:12710,cml-tts-pt,19,NOISE,6.0,5.628003908263238,0.918406654854168
cml-tts-pt:12710,cml-tts-pt,19,NOISE,12.0,5.3935481744009985,0.9176118350479623
cml-tts-pt:12710,cml-tts-pt,19,NOISE,30.0,5.843400642064815,0.9191050853442766
cml-tts-pt:12710,cml-tts-pt,19,NOISE,60.0,5.915530946367741,0.9201255160707098
cml-tts-pt:12710,cml-tts-pt,19,NOISE,90.0,5.925110096879023,0.9202940277361193
cml-tts-pt:12710,cml-tts-pt,20,NOISE,6.0,-2.7468248679680567,0.8321739972972741
cml-tts-pt:12710,cml-tts-pt,20,NOISE,12.0,-0.8480860889111007,0.8790462598878203
cml-tts-pt:12710,cml-tts-pt,20,NOISE,30.0,3.195711593906593,0.9148102837758784
cml-tts-pt:12710,cml-tts-pt,20,NOISE,60.0,3.259684576540668,0.9146072603485553
cml-tts-pt:12710,cml-tts-pt,20,NOISE,90.0,3.1304136392614503,0.9146238558463721
cml-tts-pt:12710,cml-tts-pt,21,NOISE,6.0,12.913701691615758,0.940588498309756
cml-tts-pt:12710,cml-tts-pt,21,NOISE,12.0,13.039312551412486,0.9423725933033785
cml-tts-pt:12710,cml-tts-pt,21,NOISE,30.0,12.058717430940296,0.9439038339186056
cml-tts-pt:12710,cml-tts-pt,21,NOISE,60.0,11.758505889439043,0.9437467118058098
cml-tts-pt:12710,cml-tts-pt,21,NOISE,90.0,11.93853318206312,0.9431435135903619
cml-tts-pt:12710,cml-tts-pt,22,NOISE,6.0,2.9334705236235354,0.7512742913202212
cml-tts-pt:12710,cml-tts-pt,22,NOISE,12.0,3.5223502395935977,0.7436972332987083
cml-tts-pt:12710,cml-tts-pt,22,NOISE,30.0,6.104905298253468,0.7500007589446533
cml-tts-pt:12710,cml-tts-pt,22,NOISE,60.0,6.401244964093446,0.7521959655267573
cml-tts-pt:12710,cml-tts-pt,22,NOISE,90.0,6.566294705712434,0.7511676967115425
cml-tts-pt:12710,cml-tts-pt,23,NOISE,6.0,5.213046942353965,0.9223443434572195
cml-tts-pt:12710,cml-tts-pt,23,NOISE,12.0,5.087085469969839,0.9229164791620095
cml-tts-pt:12710,cml-tts-pt,23,NOISE,30.0,5.267139535576922,0.9204618437511894
cml-tts-pt:12710,cml-tts-pt,23,NOISE,60.0,5.428581874823302,0.9210749865992809
cml-tts-pt:12710,cml-tts-pt,23,NOISE,90.0,5.41366364467887,0.9210050015883849
cml-tts-pt:13069,cml-tts-pt,0,INT,6.0,-0.642484378721928,0.713091758082444
cml-tts-pt:13069,cml-tts-pt,0,INT,12.0,-0.9401821543236127,0.7164664627349883
cml-tts-pt:13069,cml-tts-pt,0,INT,30.0,-1.2512598219900608,0.7199426761125188
cml-tts-pt:13069,cml-tts-pt,0,INT,60.0,-1.0007995982896574,0.717115720914113
cml-tts-pt:13069,cml-tts-pt,0,INT,90.0,-1.004852158748659,0.7197130569984745
cml-tts-pt:13069,cml-tts-pt,1,INT,6.0,0.5844472864903655,0.7827724207969785
cml-tts-pt:13069,cml-tts-pt,1,INT,12.0,0.9983204850969227,0.7850076871314183
cml-tts-pt:13069,cml-tts-pt,1,INT,30.0,0.7934257345753389,0.7885579167428571
cml-tts-pt:13069,cml-tts-pt,1,INT,60.0,0.7567440122313341,0.7750648286015004
cml-tts-pt:13069,cml-tts-pt,1,INT,90.0,0.6515899834772202,0.771596101359683
cml-tts-pt:13069,cml-tts-pt,2,INT,6.0,-7.28110497837104,0.6065124675730327
cml-tts-pt:13069,cml-tts-pt,2,INT,12.0,-6.864553889360789,0.6203144506537447
cml-tts-pt:13069,cml-tts-pt,2,INT,30.0,-6.526358102061219,0.6275846822759387
cml-tts-pt:13069,cml-tts-pt,2,INT,60.0,-7.441946167216616,0.6141685217949981
cml-tts-pt:13069,cml-tts-pt,2,INT,90.0,-6.6007117699810545,0.6232472055991901
cml-tts-pt:13069,cml-tts-pt,3,INT,6.0,4.805703970556268,0.8765769324980929
cml-tts-pt:13069,cml-tts-pt,3,INT,12.0,4.899948957045443,0.8831729954755804
cml-tts-pt:13069,cml-tts-pt,3,INT,30.0,4.865302089393254,0.8821894150878863
cml-tts-pt:13069,cml-tts-pt,3,INT,60.0,4.8971920843917,0.8797782682223225
cml-tts-pt:13069,cml-tts-pt,3,INT,90.0,4.894660765237255,0.8791858168170791
cml-tts-pt:13069,cml-tts-pt,4,INT,6.0,5.162865043634811,0.8075693370062632
cml-tts-pt:13069,cml-tts-pt,4,INT,12.0,5.225708632102768,0.8101999148382673
cml-tts-pt:13069,cml-tts-pt,4,INT,30.0,5.269021454716778,0.8085612472685688
cml-tts-pt:13069,cml-tts-pt,4,INT,60.0,5.008848848347905,0.8028318125585042
cml-tts-pt:13069,cml-tts-pt,4,INT,90.0,5.012912378689717,0.8033531319812898
cml-tts-pt:13069,cml-tts-pt,5,INT,6.0,4.942976333263624,0.8495542806037162
cml-tts-pt:13069,cml-tts-pt,5,INT,12.0,5.297291658835071,0.8576690158839863
cml-tts-pt:13069,cml-tts-pt,5,INT,30.0,5.530362614737903,0.861043231000714
cml-tts-pt:13069,cml-tts-pt,5,INT,60.0,5.404668672998318,0.8578728519148492
cml-tts-pt:13069,cml-tts-pt,5,INT,90.0,5.538966843455146,0.8596689739409786
cml-tts-pt:13069,cml-tts-pt,6,INT,6.0,-6.083547996598405,0.5731432557272577
cml-tts-pt:13069,cml-tts-pt,6,INT,12.0,-5.4033672890046835,0.5927737467131835
cml-tts-pt:13069,cml-tts-pt,6,INT,30.0,-5.35414636562471,0.5914805868431267
cml-tts-pt:13069,cml-tts-pt,6,INT,60.0,-5.174821390863925,0.5863526729929082
cml-tts-pt:13069,cml-tts-pt,6,INT,90.0,-5.316954951566683,0.5878839182592587
cml-tts-pt:13069,cml-tts-pt,7,INT,6.0,-8.349621730362907,0.6467791634223202
cml-tts-pt:13069,cml-tts-pt,7,INT,12.0,-8.51787561056642,0.6544400649486981
cml-tts-pt:13069,cml-tts-pt,7,INT,30.0,-8.74215394518554,0.6456148395331126
cml-tts-pt:13069,cml-tts-pt,7,INT,60.0,-8.906893916253239,0.6229267416369751
cml-tts-pt:13069,cml-tts-pt,7,INT,90.0,-9.044706239726997,0.6208148306065729
cml-tts-pt:13069,cml-tts-pt,8,INT,6.0,-9.544754768150002,0.7621361678609401
cml-tts-pt:13069,cml-tts-pt,8,INT,12.0,-9.400942984459233,0.7944875021179149
cml-tts-pt:13069,cml-tts-pt,8,INT,30.0,-9.494810646119111,0.7556449812309166
cml-tts-pt:13069,cml-tts-pt,8,INT,60.0,-9.580622634761042,0.74609552861983
cml-tts-pt:13069,cml-tts-pt,8,INT,90.0,-9.419376999960887,0.7467178575570563
cml-tts-pt:13069,cml-tts-pt,9,INT,6.0,-5.997021555721093,0.7113969301627128
cml-tts-pt:13069,cml-tts-pt,9,INT,12.0,-6.065380046536838,0.6978811700602842
cml-tts-pt:13069,cml-tts-pt,9,INT,30.0,-5.996898669474309,0.6848464372956865
cml-tts-pt:13069,cml-tts-pt,9,INT,60.0,-6.8015652901626105,0.660930568982422
cml-tts-pt:13069,cml-tts-pt,9,INT,90.0,-6.615158458430241,0.6625917701953706
cml-tts-pt:13069,cml-tts-pt,10,INTN,6.0,-1.0751522800662054,0.6192045306709191
cml-tts-pt:13069,cml-tts-pt,10,INTN,12.0,-0.4612726390089604,0.6389070012864294
cml-tts-pt:13069,cml-tts-pt,10,INTN,30.0,-0.5247723958245993,0.628110141762513
cml-tts-pt:13069,cml-tts-pt,10,INTN,60.0,-0.9824423989305432,0.6221916879506728
cml-tts-pt:13069,cml-tts-pt,10,INTN,90.0,-0.8296495774062954,0.6176495501224435
cml-tts-pt:13069,cml-tts-pt,11,INTN,6.0,3.8040925913317616,0.8687075772150753
cml-tts-pt:13069,cml-tts-pt,11,INTN,12.0,3.9550173259701737,0.8764459514643694
cml-tts-pt:13069,cml-tts-pt,11,INTN,30.0,4.038986994569606,0.8791076363811738
cml-tts-pt:13069,cml-tts-pt,11,INTN,60.0,3.9509873023350806,0.8770472222549074
cml-tts-pt:13069,cml-tts-pt,11,INTN,90.0,3.987345105171747,0.8779480098156863
cml-tts-pt:13069,cml-tts-pt,12,INTN,6.0,1.8231162442721465,0.7483583661443456
cml-tts-pt:13069,cml-tts-pt,12,INTN,12.0,1.8139723831920727,0.7465201001961441
cml-tts-pt:13069,cml-tts-pt,12,INTN,30.0,1.8937010592209704,0.7445874098060529
cml-tts-pt:13069,cml-tts-pt,12,INTN,60.0,1.876886991060914,0.741801865028484
cml-tts-pt:13069,cml-tts-pt,12,INTN,90.0,1.7858667557608243,0.7408564951345543
cml-tts-pt:13069,cml-tts-pt,13,INTN,6.0,2.684439398055962,0.6891691995417024
cml-tts-pt:13069,cml-tts-pt,13,INTN,12.0,2.7643872832839507,0.6922419234487577
cml-tts-pt:13069,cml-tts-pt,13,INTN,30.0,2.761447396020768,0.6931286778666629
cml-tts-pt:13069,cml-tts-pt,13,INTN,60.0,2.7426815210008004,0.6887047244035439
cml-tts-pt:13069,cml-tts-pt,13,INTN,90.0,2.916143692507719,0.6925335066064712
cml-tts-pt:13069,cml-tts-pt,14,INTN,6.0,-7.56471835628233,0.7231287640557363
cml-tts-pt:13069,cml-tts-pt,14,INTN,12.0,-7.614816763857827,0.7590435339540463
cml-tts-pt:13069,cml-tts-pt,14,INTN,30.0,-7.228603759156552,0.7419100816304401
cml-tts-pt:13069,cml-tts-pt,14,INTN,60.0,-7.254069386058148,0.7186079416619847
cml-tts-pt:13069,cml-tts-pt,14,INTN,90.0,-7.067379583825268,0.7325481593587932
cml-tts-pt:13069,cml-tts-pt,15,INTN,6.0,1.285443395515747,0.8861129381404274
cml-tts-pt:13069,cml-tts-pt,15,INTN,12.0,1.2326982174832504,0.8882077424636838
cml-tts-pt:13069,cml-tts-pt,15,INTN,30.0,1.241774744926097,0.8886688676938705
cml-tts-pt:13069,cml-tts-pt,15,INTN,60.0,1.2666475162333326,0.8898312529051924
cml-tts-pt:13069,cml-tts-pt,15,INTN,90.0,1.327632194104681,0.8917400909140468
cml-tts-pt:13069,cml-tts-pt,16,INTN,6.0,0.31595220451214806,0.8155284553167302
cml-tts-pt:13069,cml-tts-pt,16,INTN,12.0,0.3216424345781226,0.82430440316706
cml-tts-pt:13069,cml-tts-pt,16,INTN,30.0,0.334859297112172,0.8288685030206712
cml-tts-pt:13069,cml-tts-pt,16,INTN,60.0,0.2505817812560851,0.8265278872656152
cml-tts-pt:13069,cml-tts-pt,16,INTN,90.0,0.1534577822943198,0.8193012759144763
cml-tts-pt:13069,cml-tts-pt,17,INTN,6.0,-3.537640662090805,0.6881114429512737
cml-tts-pt:13069,cml-tts-pt,17,INTN,12.0,-3.6255697107881972,0.6948347751479528
cml-tts-pt:13069,cml-tts-pt,17,INTN,30.0,-3.819803527987108,0.6947063082212289
cml-tts-pt:13069,cml-tts-pt,17,INTN,60.0,-3.8595119087830394,0.6886016894069407
cml-tts-pt:13069,cml-tts-pt,17,INTN,90.0,-3.8912869187709522,0.6854897719975082
cml-tts-pt:13069,cml-tts-pt,18,NOISE,6.0,9.948420995638296,0.9077820382841977
cml-tts-pt:13069,cml-tts-pt,18,NOISE,12.0,9.991704843881068,0.9080356066327528
cml-tts-pt:13069,cml-tts-pt,18,NOISE,30.0,9.976829010507137,0.9078026698804603
cml-tts-pt:13069,cml-tts-pt,18,NOISE,60.0,9.983161324091876,0.9073942558585774
cml-tts-pt:13069,cml-tts-pt,18,NOISE,90.0,10.005135910844588,0.9072150030349261
cml-tts-pt:13069,cml-tts-pt,19,NOISE,6.0,4.362429681781169,0.9162369008420918
cml-tts-pt:13069,cml-tts-pt,19,NOISE,12.0,4.653073094313098,0.9213472306014462
cml-tts-pt:13069,cml-tts-pt,19,NOISE,30.0,4.410634414769299,0.9202459714438845
cml-tts-pt:13069,cml-tts-pt,19,NOISE,60.0,4.281751769318209,0.9175064304685274
cml-tts-pt:13069,cml-tts-pt,19,NOISE,90.0,4.3096141486768795,0.9172394646992208
cml-tts-pt:13069,cml-tts-pt,20,NOISE,6.0,-6.340790251303999,0.8829930562731577
cml-tts-pt:13069,cml-tts-pt,20,NOISE,12.0,-5.782564683022191,0.9262769331580539
cml-tts-pt:13069,cml-tts-pt,20,NOISE,30.0,-5.659540298965571,0.9327132589818947
cml-tts-pt:13069,cml-tts-pt,20,NOISE,60.0,-5.913044939939986,0.9281050961645917
cml-tts-pt:13069,cml-tts-pt,20,NOISE,90.0,-5.887089863223756,0.9279050393990417
cml-tts-pt:13069,cml-tts-pt,21,NOISE,6.0,6.6011766206070694,0.8528415876127079
cml-tts-pt:13069,cml-tts-pt,21,NOISE,12.0,6.405146006100279,0.8527174386406356
cml-tts-pt:13069,cml-tts-pt,21,NOISE,30.0,6.276584765431573,0.8505763652793864
cml-tts-pt:13069,cml-tts-pt,21,NOISE,60.0,6.344595933609479,0.8517955691039006
cml-tts-pt:13069,cml-tts-pt,21,NOISE,90.0,6.366674052579639,0.8510915796411117
cml-tts-pt:13069,cml-tts-pt,22,NOISE,6.0,-4.0917070093993155,0.8358132361725307
cml-tts-pt:13069,cml-tts-pt,22,NOISE,12.0,-4.212177945457212,0.8396296162112332
cml-tts-pt:13069,cml-tts-pt,22,NOISE,30.0,-4.314954315549827,0.8435121864759031
cml-tts-pt:13069,cml-tts-pt,22,NOISE,60.0,-4.262856709107095,0.8427211615754303
cml-tts-pt:13069,cml-tts-pt,22,NOISE,90.0,-4.2712021070086585,0.843089722548212
cml-tts-pt:13069,cml-tts-pt,23,NOISE,6.0,-0.2750898849784278,0.9109447128812699
cml-tts-pt:13069,cml-tts-pt,23,NOISE,12.0,-0.4998740384875102,0.9120527288985185
cml-tts-pt:13069,cml-tts-pt,23,NOISE,30.0,-0.7917207200086267,0.9086024224900028
cml-tts-pt:13069,cml-tts-pt,23,NOISE,60.0,-0.6938539055663769,0.9070409586820004
cml-tts-pt:13069,cml-tts-pt,23,NOISE,90.0,-0.7490977001941559,0.9056756733659803
cml-tts-pt:4067,cml-tts-pt,0,INT,6.0,3.25709929471812,0.709651495984127
cml-tts-pt:4067,cml-tts-pt,0,INT,12.0,3.854199925020754,0.7170036334743385
cml-tts-pt:4067,cml-tts-pt,0,INT,30.0,3.7960102250808174,0.7167625957489384
cml-tts-pt:4067,cml-tts-pt,0,INT,60.0,3.444399518697574,0.7035007365743967
cml-tts-pt:4067,cml-tts-pt,0,INT,90.0,3.3812721668125403,0.7028848749346394
cml-tts-pt:4067,cml-tts-pt,1,INT,6.0,6.663121449784647,0.7887783092820698
cml-tts-pt:4067,cml-tts-pt,1,INT,12.0,6.686154003824953,0.7899572380716121
cml-tts-pt:4067,cml-tts-pt,1,INT,30.0,6.669941580915139,0.7880982902832923
cml-tts-pt:4067,cml-tts-pt,1,INT,60.0,6.7795323635384515,0.7881478678325027
cml-tts-pt:4067,cml-tts-pt,1,INT,90.0,6.921743939323435,0.7940446765364002
cml-tts-pt:4067,cml-tts-pt,2,INT,6.0,0.21482432361039783,0.7429345804393113
cml-tts-pt:4067,cml-tts-pt,2,INT,12.0,1.582890860128126,0.7744850595964254
cml-tts-pt:4067,cml-tts-pt,2,INT,30.0,2.9215321499726237,0.7906246415104753
cml-tts-pt:4067,cml-tts-pt,2,INT,60.0,1.8403544628827566,0.7733758140637318
cml-tts-pt:4067,cml-tts-pt,2,INT,90.0,1.25247133929076,0.7673108511443075
cml-tts-pt:4067,cml-tts-pt,3,INT,6.0,4.054603839099676,0.7619995626758506
cml-tts-pt:4067,cml-tts-pt,3,INT,12.0,4.061963041904674,0.7626661618629288
cml-tts-pt:4067,cml-tts-pt,3,INT,30.0,5.156294714866427,0.778468021648696
cml-tts-pt:4067,cml-tts-pt,3,INT,60.0,4.28691802822375,0.7609561779491388
cml-tts-pt:4067,cml-tts-pt,3,INT,90.0,4.451383084294518,0.7660304106385355
cml-tts-pt:4067,cml-tts-pt,4,INT,6.0,0.5573219387678588,0.6807541545895609
cml-tts-pt:4067,cml-tts-pt,4,INT,12.0,0.884426086812872,0.6818641704186739
cml-tts-pt:4067,cml-tts-pt,4,INT,30.0,0.12807894172552434,0.6550232421157861
cml-tts-pt:4067,cml-tts-pt,4,INT,60.0,1.1580158396365035,0.6935994186146736
cml-tts-pt:4067,cml-tts-pt,4,INT,90.0,0.9100389109744906,0.6972568761877934
cml-tts-pt:4067,cml-tts-pt,5,INT,6.0,-2.0597423883785693,0.7218572337927291
cml-tts-pt:4067,cml-tts-pt,5,INT,12.0,-1.8135536866838364,0.7222807020469818
cml-tts-pt:4067,cml-tts-pt,5,INT,30.0,-1.7529147618068093,0.720566715769953
cml-tts-pt:4067,cml-tts-pt,5,INT,60.0,-2.2093261984265116,0.712782575800012
cml-tts-pt:4067,cml-tts-pt,5,INT,90.0,-2.0772809656104645,0.7172649536504835
cml-tts-pt:4067,cml-tts-pt,6,INT,6.0,5.491084805738452,0.8997681900753376
cml-tts-pt:4067,cml-tts-pt,6,INT,12.0,5.652047160716401,0.8999991984705975
cml-tts-pt:4067,cml-tts-pt,6,INT,30.0,5.514293587927949,0.8976251560586578
cml-tts-pt:4067,cml-tts-pt,6,INT,60.0,5.393762181341429,0.8982764735077771
cml-tts-pt:4067,cml-tts-pt,6,INT,90.0,5.37364024950985,0.8976942025911319
cml-tts-pt:4067,cml-tts-pt,7,INT,6.0,3.198049889416218,0.8715458462636948
cml-tts-pt:4067,cml-tts-pt,7,INT,12.0,4.252429859322716,0.8870498805989437
cml-tts-pt:4067,cml-tts-pt,7,INT,30.0,4.00000340864302,0.8764510135439768
cml-tts-pt:4067,cml-tts-pt,7,INT,60.0,4.409803343907956,0.8851715002570506
cml-tts-pt:4067,cml-tts-pt,7,INT,90.0,4.387419289918416,0.8850209257091365
cml-tts-pt:4067,cml-tts-pt,8,INT,6.0,5.32494245278138,0.8853777283708881
cml-tts-pt:4067,cml-tts-pt,8,INT,12.0,5.832300748101083,0.8888895854241793
cml-tts-pt:4067,cml-tts-pt,8,INT,30.0,6.348220811137936,0.8902585454308977
cml-tts-pt:4067,cml-tts-pt,8,INT,60.0,6.045072385365619,0.8876485647608847
cml-tts-pt:4067,cml-tts-pt,8,INT,90.0,6.01091373835932,0.8890590874284987
cml-tts-pt:4067,cml-tts-pt,9,INT,6.0,-3.471817537010734,0.7653452447283936
cml-tts-pt:4067,cml-tts-pt,9,INT,12.0,-3.078896038529349,0.76967238445038
cml-tts-pt:4067,cml-tts-pt,9,INT,30.0,-1.5082270403279239,0.7965267478749952
cml-tts-pt:4067,cml-tts-pt,9,INT,60.0,-3.1620024648166507,0.7750526120196041
cml-tts-pt:4067,cml-tts-pt,9,INT,90.0,-2.9330198844055224,0.7796496235225573
cml-tts-pt:4067,cml-tts-pt,10,INTN,6.0,0.8963088213188618,0.6413073169806658
cml-tts-pt:4067,cml-tts-pt,10,INTN,12.0,1.331400765535684,0.6447612685295533
cml-tts-pt:4067,cml-tts-pt,10,INTN,30.0,2.1980637506574143,0.6612319648310744
cml-tts-pt:4067,cml-tts-pt,10,INTN,60.0,1.827748295963197,0.6547366195087808
cml-tts-pt:4067,cml-tts-pt,10,INTN,90.0,1.6733293007213763,0.6536770525998356
cml-tts-pt:4067,cml-tts-pt,11,INTN,6.0,5.896359311400372,0.8291257620904707
cml-tts-pt:4067,cml-tts-pt,11,INTN,12.0,6.725103792993988,0.8308394949560026
cml-tts-pt:4067,cml-tts-pt,11,INTN,30.0,6.571208092529081,0.8257091637354268
cml-tts-pt:4067,cml-tts-pt,11,INTN,60.0,6.7371324230897445,0.827964202105116
cml-tts-pt:4067,cml-tts-pt,11,INTN,90.0,6.328835200846161,0.8332431804594145
cml-tts-pt:4067,cml-tts-pt,12,INTN,6.0,2.938180844182019,0.6949054418859092
cml-tts-pt:4067,cml-tts-pt,12,INTN,12.0,2.972966026037893,0.6938610019384792
cml-tts-pt:4067,cml-tts-pt,12,INTN,30.0,2.7857196601931395,0.6876633120766652
cml-tts-pt:4067,cml-tts-pt,12,INTN,60.0,2.847893041433048,0.6860614929299137
cml-tts-pt:4067,cml-tts-pt,12,INTN,90.0,2.830273209015847,0.6891802970068409
cml-tts-pt:4067,cml-tts-pt,13,INTN,6.0,5.117853417854733,0.8216183227180673
cml-tts-pt:4067,cml-tts-pt,13,INTN,12.0,5.176190485966887,0.8227457343500189
cml-tts-pt:4067,cml-tts-pt,13,INTN,30.0,5.2867672852776275,0.8211648516283306
cml-tts-pt:4067,cml-tts-pt,13,INTN,60.0,5.41710460723793,0.8272574222941823
cml-tts-pt:4067,cml-tts-pt,13,INTN,90.0,5.3651732270482455,0.8273339738579528
cml-tts-pt:4067,cml-tts-pt,14,INTN,6.0,2.09447752562232,0.8162356380600887
cml-tts-pt:4067,cml-tts-pt,14,INTN,12.0,2.016863541189564,0.819079943492207
cml-tts-pt:4067,cml-tts-pt,14,INTN,30.0,1.8704398049560023,0.8179270642247501
cml-tts-pt:4067,cml-tts-pt,14,INTN,60.0,2.0537041237601854,0.8181744698029408
cml-tts-pt:4067,cml-tts-pt,14,INTN,90.0,1.9495227945439566,0.8174317536871417
cml-tts-pt:4067,cml-tts-pt,15,INTN,6.0,5.302430669912727,0.8766782720537858
cml-tts-pt:4067,cml-tts-pt,15,INTN,12.0,5.1989972013321095,0.8787516315618896
cml-tts-pt:4067,cml-tts-pt,15,INTN,30.0,5.755831838646555,0.881269791487452
cml-tts-pt:4067,cml-tts-pt,15,INTN,60.0,5.535289485499625,0.8809870053075946
cml-tts-pt:4067,cml-tts-pt,15,INTN,90.0,5.4327685008527,0.8803372263460746
cml-tts-pt:4067,cml-tts-pt,16,INTN,6.0,5.10059796958013,0.8051358833956256
cml-tts-pt:4067,cml-tts-pt,16,INTN,12.0,5.0797563096045915,0.8004598239000811
cml-tts-pt:4067,cml-tts-pt,16,INTN,30.0,4.546072065357564,0.7903466482706296
cml-tts-pt:4067,cml-tts-pt,16,INTN,60.0,3.6855774586011276,0.7821210331410532
cml-tts-pt:4067,cml-tts-pt,16,INTN,90.0,4.105272566644296,0.7909436813563699
cml-tts-pt:4067,cml-tts-pt,17,INTN,6.0,5.044971236882657,0.8708450744573174
cml-tts-pt:4067,cml-tts-pt,17,INTN,12.0,5.386098216992159,0.8769576921791552
cml-tts-pt:4067,cml-tts-pt,17,INTN,30.0,5.854259611912237,0.8786762020542388
cml-tts-pt:4067,cml-tts-pt,17,INTN,60.0,5.402818658338991,0.8772405886671968
cml-tts-pt:4067,cml-tts-pt,17,INTN,90.0,5.306403912140062,0.8768512756835678
cml-tts-pt:4067,cml-tts-pt,18,NOISE,6.0,12.096437432090854,0.8898224587716818
cml-tts-pt:4067,cml-tts-pt,18,NOISE,12.0,11.814857425361518,0.8871683697702425
cml-tts-pt:4067,cml-tts-pt,18,NOISE,30.0,11.908701036550134,0.8845681707322134
cml-tts-pt:4067,cml-tts-pt,18,NOISE,60.0,11.753896774756479,0.887153041603133
cml-tts-pt:4067,cml-tts-pt,18,NOISE,90.0,12.139026229511932,0.889437433887078
cml-tts-pt:4067,cml-tts-pt,19,NOISE,6.0,5.1354217656434775,0.7029514745520387
cml-tts-pt:4067,cml-tts-pt,19,NOISE,12.0,5.019906461374393,0.7020894946064745
cml-tts-pt:4067,cml-tts-pt,19,NOISE,30.0,4.933831005103474,0.6975069161015536
cml-tts-pt:4067,cml-tts-pt,19,NOISE,60.0,4.90929764977758,0.697221063233139
cml-tts-pt:4067,cml-tts-pt,19,NOISE,90.0,4.917662654391831,0.6983519668964827
cml-tts-pt:4067,cml-tts-pt,20,NOISE,6.0,0.9926759702006382,0.8115829816085353
cml-tts-pt:4067,cml-tts-pt,20,NOISE,12.0,1.014906780565438,0.8153574684458208
cml-tts-pt:4067,cml-tts-pt,20,NOISE,30.0,0.9415733079039157,0.8181280361065845
cml-tts-pt:4067,cml-tts-pt,20,NOISE,60.0,0.9499345435109188,0.8164461218851979
cml-tts-pt:4067,cml-tts-pt,20,NOISE,90.0,0.9442068813275757,0.8176076580795805
cml-tts-pt:4067,cml-tts-pt,21,NOISE,6.0,14.493090345128756,0.9155291443542429
cml-tts-pt:4067,cml-tts-pt,21,NOISE,12.0,14.393942307424604,0.9146662435762093
cml-tts-pt:4067,cml-tts-pt,21,NOISE,30.0,14.520417729600887,0.9184571358260336
cml-tts-pt:4067,cml-tts-pt,21,NOISE,60.0,14.368926312648128,0.9154462138556437
cml-tts-pt:4067,cml-tts-pt,21,NOISE,90.0,14.521988342049122,0.9170040848349656
cml-tts-pt:4067,cml-tts-pt,22,NOISE,6.0,6.742439654512229,0.9496277469472757
cml-tts-pt:4067,cml-tts-pt,22,NOISE,12.0,6.5864498490589405,0.9501141970937481
cml-tts-pt:4067,cml-tts-pt,22,NOISE,30.0,6.560931419948024,0.9501488675593474
cml-tts-pt:4067,cml-tts-pt,22,NOISE,60.0,6.682265418440495,0.9518332154033807
cml-tts-pt:4067,cml-tts-pt,22,NOISE,90.0,6.75207345255891,0.9518241804065112
cml-tts-pt:4067,cml-tts-pt,23,NOISE,6.0,3.121181273027178,0.9390211465294843
cml-tts-pt:4067,cml-tts-pt,23,NOISE,12.0,2.7651610490978826,0.9395036733582458
cml-tts-pt:4067,cml-tts-pt,23,NOISE,30.0,2.346931730434214,0.9365350722482247
cml-tts-pt:4067,cml-tts-pt,23,NOISE,60.0,2.307081819381139,0.9379440234353061
cml-tts-pt:4067,cml-tts-pt,23,NOISE,90.0,2.5786953143960893,0.9388893723929331
cml-tts-pt:5417,cml-tts-pt,0,INT,6.0,5.471843937302524,0.910316703860304
cml-tts-pt:5417,cml-tts-pt,0,INT,12.0,3.2780965344420046,0.8230136454741066
cml-tts-pt:5417,cml-tts-pt,0,INT,30.0,3.7553799043110323,0.8271799078056566
cml-tts-pt:5417,cml-tts-pt,0,INT,60.0,5.700927939932716,0.9037920837427063
cml-tts-pt:5417,cml-tts-pt,0,INT,90.0,5.707892024555424,0.9067819149367318
cml-tts-pt:5417,cml-tts-pt,1,INT,6.0,9.710849959450059,0.8905686105844772
cml-tts-pt:5417,cml-tts-pt,1,INT,12.0,9.370888254654465,0.8849372644242184
cml-tts-pt:5417,cml-tts-pt,1,INT,30.0,9.549503819855111,0.8896205622970007
cml-tts-pt:5417,cml-tts-pt,1,INT,60.0,9.619960416073146,0.8901965068400558
cml-tts-pt:5417,cml-tts-pt,1,INT,90.0,9.699410146176922,0.8911825816501667
cml-tts-pt:5417,cml-tts-pt,2,INT,6.0,5.029548824685473,0.754812443288432
cml-tts-pt:5417,cml-tts-pt,2,INT,12.0,4.865992651853987,0.7447507276827613
cml-tts-pt:5417,cml-tts-pt,2,INT,30.0,5.2258125760061445,0.7630397690441271
cml-tts-pt:5417,cml-tts-pt,2,INT,60.0,5.042190152970546,0.7447467171079832
cml-tts-pt:5417,cml-tts-pt,2,INT,90.0,5.060623158097324,0.7474849877723604
cml-tts-pt:5417,cml-tts-pt,3,INT,6.0,2.6273882903020493,0.8344143970240138
cml-tts-pt:5417,cml-tts-pt,3,INT,12.0,3.563298049266232,0.8354119072576028
cml-tts-pt:5417,cml-tts-pt,3,INT,30.0,2.797242421081549,0.8300217224623831
cml-tts-pt:5417,cml-tts-pt,3,INT,60.0,3.1443564764341296,0.8336259541585228
cml-tts-pt:5417,cml-tts-pt,3,INT,90.0,3.0739661108103675,0.8355308756425964
cml-tts-pt:5417,cml-tts-pt,4,INT,6.0,1.8339627073892057,0.8348677218295543
cml-tts-pt:5417,cml-tts-pt,4,INT,12.0,1.598732686075741,0.8214189291185492
cml-tts-pt:5417,cml-tts-pt,4,INT,30.0,0.7106780818234307,0.7948963783307804
cml-tts-pt:5417,cml-tts-pt,4,INT,60.0,0.8977974644697411,0.8079519489238335
cml-tts-pt:5417,cml-tts-pt,4,INT,90.0,1.037557731614772,0.8128091897915649
cml-tts-pt:5417,cml-tts-pt,5,INT,6.0,4.607235892182812,0.9542300750933997
cml-tts-pt:5417,cml-tts-pt,5,INT,12.0,4.549291364957637,0.9524355028242448
cml-tts-pt:5417,cml-tts-pt,5,INT,30.0,4.636894728279813,0.9538863961945149
cml-tts-pt:5417,cml-tts-pt,5,INT,60.0,4.657495347087853,0.9535940597127076
cml-tts-pt:5417,cml-tts-pt,5,INT,90.0,4.704277072501665,0.9543265272565568
cml-tts-pt:5417,cml-tts-pt,6,INT,6.0,3.6740678058280625,0.9174300947515137
cml-tts-pt:5417,cml-tts-pt,6,INT,12.0,3.3674717548543978,0.91465024394901
cml-tts-pt:5417,cml-tts-pt,6,INT,30.0,3.4474359600995306,0.9145393440806058
cml-tts-pt:5417,cml-tts-pt,6,INT,60.0,3.4796707017362833,0.9146300096017516
cml-tts-pt:5417,cml-tts-pt,6,INT,90.0,3.5483454801445933,0.9151303260993374
cml-tts-pt:5417,cml-tts-pt,7,INT,6.0,2.6317113559557965,0.8756997817479711
cml-tts-pt:5417,cml-tts-pt,7,INT,12.0,2.7130260050281465,0.8704417926881924
cml-tts-pt:5417,cml-tts-pt,7,INT,30.0,2.2986834392119246,0.8634010386797139
cml-tts-pt:5417,cml-tts-pt,7,INT,60.0,2.5385721915193273,0.8698946750366231
cml-tts-pt:5417,cml-tts-pt,7,INT,90.0,2.5420770148659,0.8710367085470834
cml-tts-pt:5417,cml-tts-pt,8,INT,6.0,4.75117014965639,0.9459492943804481
cml-tts-pt:5417,cml-tts-pt,8,INT,12.0,4.674268491067354,0.945419181354167
cml-tts-pt:5417,cml-tts-pt,8,INT,30.0,4.696119800780361,0.9457757947606743
cml-tts-pt:5417,cml-tts-pt,8,INT,60.0,4.70289767874315,0.9459120552136714
cml-tts-pt:5417,cml-tts-pt,8,INT,90.0,4.724054694201709,0.9461105803998476
cml-tts-pt:5417,cml-tts-pt,9,INT,6.0,0.4342522952646363,0.8920017887190363
cml-tts-pt:5417,cml-tts-pt,9,INT,12.0,0.4230199279341151,0.8922462545606322
cml-tts-pt:5417,cml-tts-pt,9,INT,30.0,0.3270945684959414,0.8906503501768926
cml-tts-pt:5417,cml-tts-pt,9,INT,60.0,0.40577996669386135,0.8917289070587469
cml-tts-pt:5417,cml-tts-pt,9,INT,90.0,0.3879950207458383,0.8908852502802027
cml-tts-pt:5417,cml-tts-pt,10,INTN,6.0,1.5731535999942985,0.8065989580986451
cml-tts-pt:5417,cml-tts-pt,10,INTN,12.0,2.0556653904140183,0.8190572495080323
cml-tts-pt:5417,cml-tts-pt,10,INTN,30.0,1.1306973493241301,0.8003162924371886
cml-tts-pt:5417,cml-tts-pt,10,INTN,60.0,1.3744456335150386,0.8034599199493474
cml-tts-pt:5417,cml-tts-pt,10,INTN,90.0,1.3340697954573584,0.803235528066244
cml-tts-pt:5417,cml-tts-pt,11,INTN,6.0,7.885117490242078,0.9061742883496301
cml-tts-pt:5417,cml-tts-pt,11,INTN,12.0,6.945981372168276,0.9032865395689407
cml-tts-pt:5417,cml-tts-pt,11,INTN,30.0,7.407258232804712,0.9045541997974258
cml-tts-pt:5417,cml-tts-pt,11,INTN,60.0,7.568810616238397,0.9049561594948278
cml-tts-pt:5417,cml-tts-pt,11,INTN,90.0,7.926630557920773,0.9061806387567578
cml-tts-pt:5417,cml-tts-pt,12,INTN,6.0,7.736199937907817,0.8919902445597839
cml-tts-pt:5417,cml-tts-pt,12,INTN,12.0,7.2143467799345755,0.8773903139578231
cml-tts-pt:5417,cml-tts-pt,12,INTN,30.0,7.048070019088648,0.8727681215884391
cml-tts-pt:5417,cml-tts-pt,12,INTN,60.0,7.4683876185042335,0.8811680769234952
cml-tts-pt:5417,cml-tts-pt,12,INTN,90.0,7.617458633405967,0.8860934844770041
cml-tts-pt:5417,cml-tts-pt,13,INTN,6.0,1.6067763335532141,0.7976311548734222
cml-tts-pt:5417,cml-tts-pt,13,INTN,12.0,1.1220501325532508,0.7879499798701611
cml-tts-pt:5417,cml-tts-pt,13,INTN,30.0,0.5434986580368751,0.7794931872655559
cml-tts-pt:5417,cml-tts-pt,13,INTN,60.0,0.7666162701296636,0.781128202328779
cml-tts-pt:5417,cml-tts-pt,13,INTN,90.0,0.9425469851873399,0.7847261551842274
cml-tts-pt:5417,cml-tts-pt,14,INTN,6.0,7.084426942003127,0.9383147918192655
cml-tts-pt:5417,cml-tts-pt,14,INTN,12.0,6.7092069173787925,0.9341224424063074
cml-tts-pt:5417,cml-tts-pt,14,INTN,30.0,6.852259530462114,0.9352826155081938
cml-tts-pt:5417,cml-tts-pt,14,INTN,60.0,6.913757086338246,0.9354182195910435
cml-tts-pt:5417,cml-tts-pt,14,INTN,90.0,7.018608074287704,0.9366421412608781
cml-tts-pt:5417,cml-tts-pt,15,INTN,6.0,6.240882055070262,0.9189686777607188
cml-tts-pt:5417,cml-tts-pt,15,INTN,12.0,6.112184631970884,0.9172987275782604
cml-tts-pt:5417,cml-tts-pt,15,INTN,30.0,6.1771799290508485,0.917206964155841
cml-tts-pt:5417,cml-tts-pt,15,INTN,60.0,6.25275957110566,0.9188946741918341
cml-tts-pt:5417,cml-tts-pt,15,INTN,90.0,6.289244177739694,0.919651770131361
cml-tts-pt:5417,cml-tts-pt,16,INTN,6.0,3.31494499043291,0.943739046991153
cml-tts-pt:5417,cml-tts-pt,16,INTN,12.0,1.7580531169214382,0.9201989271996741
cml-tts-pt:5417,cml-tts-pt,16,INTN,30.0,2.0394538018257697,0.9269503626725853
cml-tts-pt:5417,cml-tts-pt,16,INTN,60.0,2.5642945081924693,0.9420472045427396
cml-tts-pt:5417,cml-tts-pt,16,INTN,90.0,2.798455205531866,0.9425216179440149
cml-tts-pt:5417,cml-tts-pt,17,INTN,6.0,3.4129225253646864,0.8774832154013278
cml-tts-pt:5417,cml-tts-pt,17,INTN,12.0,3.185421556922004,0.8798973625003598
cml-tts-pt:5417,cml-tts-pt,17,INTN,30.0,3.3629389792828235,0.8821854094452176
cml-tts-pt:5417,cml-tts-pt,17,INTN,60.0,3.5283457217491137,0.8864642799408463
cml-tts-pt:5417,cml-tts-pt,17,INTN,90.0,3.565165604287962,0.8870989276636303
cml-tts-pt:5417,cml-tts-pt,18,NOISE,6.0,7.752745300451285,0.8968863259292075
cml-tts-pt:5417,cml-tts-pt,18,NOISE,12.0,7.526605788822908,0.895030612642544
cml-tts-pt:5417,cml-tts-pt,18,NOISE,30.0,7.543027234829757,0.8955698079601387
cml-tts-pt:5417,cml-tts-pt,18,NOISE,60.0,7.520177993715827,0.8959983629060577
cml-tts-pt:5417,cml-tts-pt,18,NOISE,90.0,7.578737918548923,0.8966983010549633
cml-tts-pt:5417,cml-tts-pt,19,NOISE,6.0,8.715286824114347,0.9761446176896017
cml-tts-pt:5417,cml-tts-pt,19,NOISE,12.0,9.413478663146467,0.9749245533235963
cml-tts-pt:5417,cml-tts-pt,19,NOISE,30.0,9.336643730782413,0.9758204315938434
cml-tts-pt:5417,cml-tts-pt,19,NOISE,60.0,9.62849879250419,0.9769553985226546
cml-tts-pt:5417,cml-tts-pt,19,NOISE,90.0,9.56492415972592,0.9772685529313437
cml-tts-pt:5417,cml-tts-pt,20,NOISE,6.0,8.250138557027151,0.9878300714674019
cml-tts-pt:5417,cml-tts-pt,20,NOISE,12.0,7.7682349181297115,0.9875675907036469
cml-tts-pt:5417,cml-tts-pt,20,NOISE,30.0,7.859980494752864,0.9877019242821315
cml-tts-pt:5417,cml-tts-pt,20,NOISE,60.0,8.047055522345387,0.9875882469989422
cml-tts-pt:5417,cml-tts-pt,20,NOISE,90.0,8.139696144465903,0.9875737283013016
cml-tts-pt:5417,cml-tts-pt,21,NOISE,6.0,17.008748659967377,0.9759094194898114
cml-tts-pt:5417,cml-tts-pt,21,NOISE,12.0,16.81297057868976,0.973246978355049
cml-tts-pt:5417,cml-tts-pt,21,NOISE,30.0,16.849068333179943,0.9732528678427448
cml-tts-pt:5417,cml-tts-pt,21,NOISE,60.0,16.86182978636552,0.9733644744925263
cml-tts-pt:5417,cml-tts-pt,21,NOISE,90.0,16.920944517263703,0.9738383381968384
cml-tts-pt:5417,cml-tts-pt,22,NOISE,6.0,6.576478086423628,0.9601514831939443
cml-tts-pt:5417,cml-tts-pt,22,NOISE,12.0,6.495074647285917,0.9580742350945511
cml-tts-pt:5417,cml-tts-pt,22,NOISE,30.0,6.562451113224626,0.9579347293553209
cml-tts-pt:5417,cml-tts-pt,22,NOISE,60.0,6.591198668548621,0.9591515723908218
cml-tts-pt:5417,cml-tts-pt,22,NOISE,90.0,6.6011367714088545,0.9596274033968375
cml-tts-pt:5417,cml-tts-pt,23,NOISE,6.0,3.99272596231224,0.986796784054529
cml-tts-pt:5417,cml-tts-pt,23,NOISE,12.0,3.7538983054019854,0.9865205277250647
cml-tts-pt:5417,cml-tts-pt,23,NOISE,30.0,3.3658418112776105,0.9867496411189732
cml-tts-pt:5417,cml-tts-pt,23,NOISE,60.0,3.641349213634447,0.9866244093595085
cml-tts-pt:5417,cml-tts-pt,23,NOISE,90.0,3.637668378331371,0.9864927512543574
cml-tts-pt:6549,cml-tts-pt,0,INT,6.0,9.120963988990708,0.8041128471150873
cml-tts-pt:6549,cml-tts-pt,0,INT,12.0,9.133013743514098,0.8046955523792648
cml-tts-pt:6549,cml-tts-pt,0,INT,30.0,9.11027824741225,0.8032466478973838
cml-tts-pt:6549,cml-tts-pt,0,INT,60.0,9.065717670712495,0.8045968996369844
cml-tts-pt:6549,cml-tts-pt,0,INT,90.0,9.070855546286923,0.8036385088218146
cml-tts-pt:6549,cml-tts-pt,1,INT,6.0,5.3123807706288675,0.840239673635906
cml-tts-pt:6549,cml-tts-pt,1,INT,12.0,5.356533508711197,0.8432966864840284
cml-tts-pt:6549,cml-tts-pt,1,INT,30.0,5.312556574541624,0.8435778173589679
cml-tts-pt:6549,cml-tts-pt,1,INT,60.0,5.30666706442366,0.8437861549629274
cml-tts-pt:6549,cml-tts-pt,1,INT,90.0,5.284890308081157,0.8446600700771496
cml-tts-pt:6549,cml-tts-pt,2,INT,6.0,2.3666124570203224,0.7256585140715736
cml-tts-pt:6549,cml-tts-pt,2,INT,12.0,2.139967284083847,0.722203516847243
cml-tts-pt:6549,cml-tts-pt,2,INT,30.0,2.428025562978273,0.7286141336787363
cml-tts-pt:6549,cml-tts-pt,2,INT,60.0,2.4127329656078675,0.7281168200744345
cml-tts-pt:6549,cml-tts-pt,2,INT,90.0,2.4484123038561774,0.7280334636596436
cml-tts-pt:6549,cml-tts-pt,3,INT,6.0,-0.13300144611236464,0.7312889651532193
cml-tts-pt:6549,cml-tts-pt,3,INT,12.0,-0.5232025638008383,0.7214332450744996
cml-tts-pt:6549,cml-tts-pt,3,INT,30.0,-0.461970297383472,0.7189109348390054
cml-tts-pt:6549,cml-tts-pt,3,INT,60.0,-0.7720371427230625,0.7154168953157746
cml-tts-pt:6549,cml-tts-pt,3,INT,90.0,-0.8300450634090426,0.7136278236853079
cml-tts-pt:6549,cml-tts-pt,4,INT,6.0,3.3066464131459217,0.9267411352359564
cml-tts-pt:6549,cml-tts-pt,4,INT,12.0,3.432350580428507,0.9300932313172114
cml-tts-pt:6549,cml-tts-pt,4,INT,30.0,3.4883427521091543,0.9338530053678208
cml-tts-pt:6549,cml-tts-pt,4,INT,60.0,3.7169026875916376,0.9350878276421951
cml-tts-pt:6549,cml-tts-pt,4,INT,90.0,3.7099422736641334,0.9355266713662821
cml-tts-pt:6549,cml-tts-pt,5,INT,6.0,5.976377160445822,0.8630584648316296
cml-tts-pt:6549,cml-tts-pt,5,INT,12.0,5.8880960627900025,0.8617764585259243
cml-tts-pt:6549,cml-tts-pt,5,INT,30.0,6.091751868182638,0.8609101169286327
cml-tts-pt:6549,cml-tts-pt,5,INT,60.0,5.746218268744772,0.8580988096954325
cml-tts-pt:6549,cml-tts-pt,5,INT,90.0,5.764178649618685,0.8583723107339205
cml-tts-pt:6549,cml-tts-pt,6,INT,6.0,2.3543400684647318,0.7794231781314297
cml-tts-pt:6549,cml-tts-pt,6,INT,12.0,2.4026373291906205,0.7819203971988903
cml-tts-pt:6549,cml-tts-pt,6,INT,30.0,2.3443604838918124,0.7769876185039436
cml-tts-pt:6549,cml-tts-pt,6,INT,60.0,2.6840462160781917,0.7804470109216054
cml-tts-pt:6549,cml-tts-pt,6,INT,90.0,2.737516016901253,0.7794637301674663
cml-tts-pt:6549,cml-tts-pt,7,INT,6.0,1.719309753679756,0.8297273919608606
cml-tts-pt:6549,cml-tts-pt,7,INT,12.0,1.6419962903272003,0.8300182427531412
cml-tts-pt:6549,cml-tts-pt,7,INT,30.0,1.7407795085864208,0.8336349951507572
cml-tts-pt:6549,cml-tts-pt,7,INT,60.0,1.4192059121143445,0.8250353476124608
cml-tts-pt:6549,cml-tts-pt,7,INT,90.0,1.4233295621308704,0.8281827170000922
cml-tts-pt:6549,cml-tts-pt,8,INT,6.0,8.652275421201507,0.8556979499852027
cml-tts-pt:6549,cml-tts-pt,8,INT,12.0,8.642387571427497,0.8561451058722055
cml-tts-pt:6549,cml-tts-pt,8,INT,30.0,8.70180648568734,0.8548461880963
cml-tts-pt:6549,cml-tts-pt,8,INT,60.0,8.687134946637821,0.8538902308291502
cml-tts-pt:6549,cml-tts-pt,8,INT,90.0,8.667273936681852,0.8536322016109757
cml-tts-pt:6549,cml-tts-pt,9,INT,6.0,2.205022614976275,0.8928044788464442
cml-tts-pt:6549,cml-tts-pt,9,INT,12.0,2.090185549038969,0.8940623571008652
cml-tts-pt:6549,cml-tts-pt,9,INT,30.0,2.1141601768392766,0.8924046860151188
cml-tts-pt:6549,cml-tts-pt,9,INT,60.0,2.036842537852206,0.8911506635028772
cml-tts-pt:6549,cml-tts-pt,9,INT,90.0,1.985750605060988,0.8905212532070075
cml-tts-pt:6549,cml-tts-pt,10,INTN,6.0,7.394125908295801,0.748337275291527
cml-tts-pt:6549,cml-tts-pt,10,INTN,12.0,7.369678177679103,0.7466057399081615
cml-tts-pt:6549,cml-tts-pt,10,INTN,30.0,7.409723113880123,0.7457327767421398
cml-tts-pt:6549,cml-tts-pt,10,INTN,60.0,7.371667603827398,0.7478798620592487
cml-tts-pt:6549,cml-tts-pt,10,INTN,90.0,7.424198895459444,0.7487780420854143
cml-tts-pt:6549,cml-tts-pt,11,INTN,6.0,-0.35502723498825545,0.8223201422981016
cml-tts-pt:6549,cml-tts-pt,11,INTN,12.0,-0.38033405204026666,0.8218488908480751
cml-tts-pt:6549,cml-tts-pt,11,INTN,30.0,-0.4032168338012559,0.8218059124552698
cml-tts-pt:6549,cml-tts-pt,11,INTN,60.0,-0.5353110483710452,0.8212317830870601
cml-tts-pt:6549,cml-tts-pt,11,INTN,90.0,-0.5568545482714939,0.8204558295624617
cml-tts-pt:6549,cml-tts-pt,12,INTN,6.0,5.252546679573592,0.7679153279136958
cml-tts-pt:6549,cml-tts-pt,12,INTN,12.0,5.272057378847538,0.7683965212173275
cml-tts-pt:6549,cml-tts-pt,12,INTN,30.0,5.365706989440344,0.7679779932770271
cml-tts-pt:6549,cml-tts-pt,12,INTN,60.0,5.337623125744152,0.7681698599377323
cml-tts-pt:6549,cml-tts-pt,12,INTN,90.0,5.343533400282573,0.7673191187864724
cml-tts-pt:6549,cml-tts-pt,13,INTN,6.0,4.093786969977969,0.6147383656337443
cml-tts-pt:6549,cml-tts-pt,13,INTN,12.0,4.4184812759558865,0.6169834131839488
cml-tts-pt:6549,cml-tts-pt,13,INTN,30.0,4.34075182102821,0.6142037833171649
cml-tts-pt:6549,cml-tts-pt,13,INTN,60.0,4.112834803002659,0.6134636724262129
cml-tts-pt:6549,cml-tts-pt,13,INTN,90.0,4.161917767128472,0.6130348020982594
cml-tts-pt:6549,cml-tts-pt,14,INTN,6.0,5.759886824541265,0.7805204451956828
cml-tts-pt:6549,cml-tts-pt,14,INTN,12.0,5.710962133886905,0.7812328042428032
cml-tts-pt:6549,cml-tts-pt,14,INTN,30.0,5.794387196727674,0.7829309332794105
cml-tts-pt:6549,cml-tts-pt,14,INTN,60.0,5.810193122002712,0.7824956808359443
cml-tts-pt:6549,cml-tts-pt,14,INTN,90.0,5.843554831246036,0.7839152924628708
cml-tts-pt:6549,cml-tts-pt,15,INTN,6.0,2.5965784682827278,0.8014617720811419
cml-tts-pt:6549,cml-tts-pt,15,INTN,12.0,2.6837197280008245,0.8024238673938028
cml-tts-pt:6549,cml-tts-pt,15,INTN,30.0,2.535351198022596,0.7991326139106731
cml-tts-pt:6549,cml-tts-pt,15,INTN,60.0,2.00069904144932,0.7932565869236199
cml-tts-pt:6549,cml-tts-pt,15,INTN,90.0,2.317811761481272,0.7968666636786527
cml-tts-pt:6549,cml-tts-pt,16,INTN,6.0,7.8285168980025235,0.7982868140801166
cml-tts-pt:6549,cml-tts-pt,16,INTN,12.0,7.826551951478464,0.7948014742058599
cml-tts-pt:6549,cml-tts-pt,16,INTN,30.0,7.7550991805177665,0.7962607459085828
cml-tts-pt:6549,cml-tts-pt,16,INTN,60.0,7.694571880688108,0.7938960582791702
cml-tts-pt:6549,cml-tts-pt,16,INTN,90.0,7.694965040200873,0.7935556168690342
cml-tts-pt:6549,cml-tts-pt,17,INTN,6.0,5.06997414686667,0.7383622007466871
cml-tts-pt:6549,cml-tts-pt,17,INTN,12.0,5.146558753028053,0.7405423136743637
cml-tts-pt:6549,cml-tts-pt,17,INTN,30.0,5.1094660667195875,0.7359419508594446
cml-tts-pt:6549,cml-tts-pt,17,INTN,60.0,5.084540472538955,0.7355994921948042
cml-tts-pt:6549,cml-tts-pt,17,INTN,90.0,5.065165434425732,0.7333578698824041
cml-tts-pt:6549,cml-tts-pt,18,NOISE,6.0,11.274069603095706,0.8927577098117775
cml-tts-pt:6549,cml-tts-pt,18,NOISE,12.0,11.331680333415548,0.8923331143535219
cml-tts-pt:6549,cml-tts-pt,18,NOISE,30.0,11.236090035266395,0.8917203924564451
cml-tts-pt:6549,cml-tts-pt,18,NOISE,60.0,11.382394469397335,0.8915628874750073
cml-tts-pt:6549,cml-tts-pt,18,NOISE,90.0,11.414039681423247,0.891825253326091
cml-tts-pt:6549,cml-tts-pt,19,NOISE,6.0,10.065821094033806,0.8602671835513268
cml-tts-pt:6549,cml-tts-pt,19,NOISE,12.0,10.005599436007424,0.8589806523980514
cml-tts-pt:6549,cml-tts-pt,19,NOISE,30.0,10.066538028614191,0.860775453375008
cml-tts-pt:6549,cml-tts-pt,19,NOISE,60.0,9.96542286045291,0.8607025630247502
cml-tts-pt:6549,cml-tts-pt,19,NOISE,90.0,9.917923762785083,0.8605644551905246
cml-tts-pt:6549,cml-tts-pt,20,NOISE,6.0,5.02248047789772,0.9624022245154585
cml-tts-pt:6549,cml-tts-pt,20,NOISE,12.0,5.021845671899146,0.9616848929391969
cml-tts-pt:6549,cml-tts-pt,20,NOISE,30.0,4.96860827375498,0.9591658557807644
cml-tts-pt:6549,cml-tts-pt,20,NOISE,60.0,4.914556992677024,0.9593768073083399
cml-tts-pt:6549,cml-tts-pt,20,NOISE,90.0,4.89233648587238,0.9583203028303934
cml-tts-pt:6549,cml-tts-pt,21,NOISE,6.0,15.971575147667366,0.8669613566888449
cml-tts-pt:6549,cml-tts-pt,21,NOISE,12.0,15.903254347103626,0.8664839791696641
cml-tts-pt:6549,cml-tts-pt,21,NOISE,30.0,15.881367361804855,0.8646092764314073
cml-tts-pt:6549,cml-tts-pt,21,NOISE,60.0,15.83104768370921,0.864676840697202
cml-tts-pt:6549,cml-tts-pt,21,NOISE,90.0,15.751602537598536,0.8635244776105079
cml-tts-pt:6549,cml-tts-pt,22,NOISE,6.0,8.044515877625342,0.9555811436895657
cml-tts-pt:6549,cml-tts-pt,22,NOISE,12.0,8.02392393114114,0.9566424638789885
cml-tts-pt:6549,cml-tts-pt,22,NOISE,30.0,8.000294756877041,0.9568498952911222
cml-tts-pt:6549,cml-tts-pt,22,NOISE,60.0,7.971488195861497,0.9570939012280228
cml-tts-pt:6549,cml-tts-pt,22,NOISE,90.0,7.9367527307945265,0.9573269718819404
cml-tts-pt:6549,cml-tts-pt,23,NOISE,6.0,4.031348737968751,0.9444814055588578
cml-tts-pt:6549,cml-tts-pt,23,NOISE,12.0,4.033044778962781,0.9442087783347405
cml-tts-pt:6549,cml-tts-pt,23,NOISE,30.0,3.9644141707123843,0.9431505792030058
cml-tts-pt:6549,cml-tts-pt,23,NOISE,60.0,3.6632185744661796,0.9419832522492709
cml-tts-pt:6549,cml-tts-pt,23,NOISE,90.0,3.7457494843719825,0.9421385460090792
cml-tts-pt:6566,cml-tts-pt,0,INT,6.0,-2.2368362882492874,0.68286009565595
cml-tts-pt:6566,cml-tts-pt,0,INT,12.0,-13.625005840628381,0.5419171304099172
cml-tts-pt:6566,cml-tts-pt,0,INT,30.0,-13.087098956180862,0.5968264069648278
cml-tts-pt:6566,cml-tts-pt,0,INT,60.0,-4.581882632665692,0.639118078327821
cml-tts-pt:6566,cml-tts-pt,0,INT,90.0,-4.366302526206142,0.6586962700759965
cml-tts-pt:6566,cml-tts-pt,1,INT,6.0,-3.929437500401581,0.6643661894093716
cml-tts-pt:6566,cml-tts-pt,1,INT,12.0,-3.2889678842723895,0.6637692920201741
cml-tts-pt:6566,cml-tts-pt,1,INT,30.0,-2.571919753756345,0.6807357611730224
cml-tts-pt:6566,cml-tts-pt,1,INT,60.0,-3.234263447813665,0.6786651641310829
cml-tts-pt:6566,cml-tts-pt,1,INT,90.0,-2.9726169622978964,0.679813595231753
cml-tts-pt:6566,cml-tts-pt,2,INT,6.0,-1.9348774708658014,0.7057551911438616
cml-tts-pt:6566,cml-tts-pt,2,INT,12.0,-4.893009584971533,0.6228754145347392
cml-tts-pt:6566,cml-tts-pt,2,INT,30.0,-3.750477060956305,0.6482589983218562
cml-tts-pt:6566,cml-tts-pt,2,INT,60.0,-1.487212741754249,0.7251062045631146
cml-tts-pt:6566,cml-tts-pt,2,INT,90.0,-2.2457473535601067,0.6941546990203831
cml-tts-pt:6566,cml-tts-pt,3,INT,6.0,0.6328580724692396,0.6372192464875924
cml-tts-pt:6566,cml-tts-pt,3,INT,12.0,-0.43679362547394834,0.6242149131864719
cml-tts-pt:6566,cml-tts-pt,3,INT,30.0,0.18290419014598247,0.6368081997000381
cml-tts-pt:6566,cml-tts-pt,3,INT,60.0,0.8601064475272272,0.6636444854324276
cml-tts-pt:6566,cml-tts-pt,3,INT,90.0,0.6381681370031291,0.6507629690716413
cml-tts-pt:6566,cml-tts-pt,4,INT,6.0,0.16019716539860904,0.7614320943544318
cml-tts-pt:6566,cml-tts-pt,4,INT,12.0,0.5031707262708015,0.7556931382253734
cml-tts-pt:6566,cml-tts-pt,4,INT,30.0,0.8608295529126161,0.7778583564915463
cml-tts-pt:6566,cml-tts-pt,4,INT,60.0,1.5643041984200667,0.8090120247995832
cml-tts-pt:6566,cml-tts-pt,4,INT,90.0,0.9744467978076315,0.7865717010998434
cml-tts-pt:6566,cml-tts-pt,5,INT,6.0,-10.5029550852614,0.5749595321111258
cml-tts-pt:6566,cml-tts-pt,5,INT,12.0,-8.85539546641827,0.6256283450365941
cml-tts-pt:6566,cml-tts-pt,5,INT,30.0,-9.602651944703537,0.6270999249595834
cml-tts-pt:6566,cml-tts-pt,5,INT,60.0,-10.077527633867353,0.5836889993981211
cml-tts-pt:6566,cml-tts-pt,5,INT,90.0,-9.430402592416945,0.605441407785449
cml-tts-pt:6566,cml-tts-pt,6,INT,6.0,-4.032101302479835,0.8161830549974886
cml-tts-pt:6566,cml-tts-pt,6,INT,12.0,-3.5623591079855075,0.8141231237180597
cml-tts-pt:6566,cml-tts-pt,6,INT,30.0,-3.2713069552174097,0.8309619192149588
cml-tts-pt:6566,cml-tts-pt,6,INT,60.0,-3.0221221923663166,0.8472568873201013
cml-tts-pt:6566,cml-tts-pt,6,INT,90.0,-3.095668957383553,0.839302489795084
cml-tts-pt:6566,cml-tts-pt,7,INT,6.0,-0.7441961273183629,0.8662684376223523
cml-tts-pt:6566,cml-tts-pt,7,INT,12.0,0.04668897730221359,0.8712461409321759
cml-tts-pt:6566,cml-tts-pt,7,INT,30.0,0.18634259643622345,0.8686181293370261
cml-tts-pt:6566,cml-tts-pt,7,INT,60.0,1.777416568024728,0.9144714765483938
cml-tts-pt:6566,cml-tts-pt,7,INT,90.0,1.2916482538036784,0.896889492875422
cml-tts-pt:6566,cml-tts-pt,8,INT,6.0,-6.502814299429464,0.6238330951849063
cml-tts-pt:6566,cml-tts-pt,8,INT,12.0,-9.62149289318961,0.5577047552340905
cml-tts-pt:6566,cml-tts-pt,8,INT,30.0,-10.012935792288713,0.5841055260949183
cml-tts-pt:6566,cml-tts-pt,8,INT,60.0,-7.400069745327187,0.6168322044398975
cml-tts-pt:6566,cml-tts-pt,8,INT,90.0,-7.964942715184076,0.6192130393842161
cml-tts-pt:6566,cml-tts-pt,9,INT,6.0,-4.747750737977271,0.756833052039331
cml-tts-pt:6566,cml-tts-pt,9,INT,12.0,-4.309589902701116,0.7827320535670553
cml-tts-pt:6566,cml-tts-pt,9,INT,30.0,-2.74104998791547,0.802819457086655
cml-tts-pt:6566,cml-tts-pt,9,INT,60.0,-1.7124469780463836,0.817660818975385
cml-tts-pt:6566,cml-tts-pt,9,INT,90.0,-2.659546432960426,0.8094182367542643
cml-tts-pt:6566,cml-tts-pt,10,INTN,6.0,-1.209013004395599,0.6537625712695991
cml-tts-pt:6566,cml-tts-pt,10,INTN,12.0,-0.48880770214491825,0.6942442830314829
cml-tts-pt:6566,cml-tts-pt,10,INTN,30.0,-0.5032365380816005,0.6873083830939675
cml-tts-pt:6566,cml-tts-pt,10,INTN,60.0,-0.4159135106518033,0.6889078040438776
cml-tts-pt:6566,cml-tts-pt,10,INTN,90.0,-0.6167406535921859,0.6842182989805372
cml-tts-pt:6566,cml-tts-pt,11,INTN,6.0,-0.47534816449554484,0.6866419107444631
cml-tts-pt:6566,cml-tts-pt,11,INTN,12.0,-1.3941531841336998,0.6655278742441703
cml-tts-pt:6566,cml-tts-pt,11,INTN,30.0,-1.8451954659724639,0.6577000565601437
cml-tts-pt:6566,cml-tts-pt,11,INTN,60.0,-1.945291356076348,0.6611011216982533
cml-tts-pt:6566,cml-tts-pt,11,INTN,90.0,-1.756607471964059,0.6678305829639638
cml-tts-pt:6566,cml-tts-pt,12,INTN,6.0,1.2863762110659562,0.7129430704885941
cml-tts-pt:6566,cml-tts-pt,12,INTN,12.0,0.10820174879668192,0.6767391838701706
cml-tts-pt:6566,cml-tts-pt,12,INTN,30.0,-0.32057132451919934,0.680357727877337
cml-tts-pt:6566,cml-tts-pt,12,INTN,60.0,1.2994694908365734,0.71319425787581
cml-tts-pt:6566,cml-tts-pt,12,INTN,90.0,0.4955963796381268,0.7015834577380226
cml-tts-pt:6566,cml-tts-pt,13,INTN,6.0,-1.2949448852594407,0.6750262491710863
cml-tts-pt:6566,cml-tts-pt,13,INTN,12.0,-1.5493423588542843,0.6789331981369569
cml-tts-pt:6566,cml-tts-pt,13,INTN,30.0,-1.1306886963060079,0.6934758739732895
cml-tts-pt:6566,cml-tts-pt,13,INTN,60.0,-0.888017315947382,0.6951906623203422
cml-tts-pt:6566,cml-tts-pt,13,INTN,90.0,-1.013662285408164,0.6912365166275684
cml-tts-pt:6566,cml-tts-pt,14,INTN,6.0,-0.17295974438032755,0.8011584292790855
cml-tts-pt:6566,cml-tts-pt,14,INTN,12.0,0.22295993851223658,0.8350784312537313
cml-tts-pt:6566,cml-tts-pt,14,INTN,30.0,0.5704064505924787,0.842051040532079
cml-tts-pt:6566,cml-tts-pt,14,INTN,60.0,0.028210082201943414,0.8207830334240113
cml-tts-pt:6566,cml-tts-pt,14,INTN,90.0,0.019333283504430625,0.8151437748294125
cml-tts-pt:6566,cml-tts-pt,15,INTN,6.0,-1.0422292267775102,0.7680654238681933
cml-tts-pt:6566,cml-tts-pt,15,INTN,12.0,-1.4038284358769915,0.7737135611738165
cml-tts-pt:6566,cml-tts-pt,15,INTN,30.0,-0.7948887582074842,0.7873485340622448
cml-tts-pt:6566,cml-tts-pt,15,INTN,60.0,-0.45563738203810394,0.7987525414145651
cml-tts-pt:6566,cml-tts-pt,15,INTN,90.0,-0.5668376151868401,0.7901124197754547
cml-tts-pt:6566,cml-tts-pt,16,INTN,6.0,0.26727258979015406,0.8115174761150801
cml-tts-pt:6566,cml-tts-pt,16,INTN,12.0,0.765167130232029,0.8214699424356123
cml-tts-pt:6566,cml-tts-pt,16,INTN,30.0,1.2600787329553513,0.8247436137127458
cml-tts-pt:6566,cml-tts-pt,16,INTN,60.0,1.8585997584404501,0.8314859249562757
cml-tts-pt:6566,cml-tts-pt,16,INTN,90.0,1.5630534233470363,0.830752544704958
cml-tts-pt:6566,cml-tts-pt,17,INTN,6.0,1.286658022014201,0.8328244373664014
cml-tts-pt:6566,cml-tts-pt,17,INTN,12.0,2.1512891375157888,0.8571600435950706
cml-tts-pt:6566,cml-tts-pt,17,INTN,30.0,4.222877296707709,0.8839109941611999
cml-tts-pt:6566,cml-tts-pt,17,INTN,60.0,3.8726275223727686,0.8994789374700313
cml-tts-pt:6566,cml-tts-pt,17,INTN,90.0,3.7870326608720313,0.8852759503978928
cml-tts-pt:6566,cml-tts-pt,18,NOISE,6.0,4.501936937855878,0.7451549259031961
cml-tts-pt:6566,cml-tts-pt,18,NOISE,12.0,5.515365215512776,0.7795341514956835
cml-tts-pt:6566,cml-tts-pt,18,NOISE,30.0,5.8556676467611055,0.7774387375814388
cml-tts-pt:6566,cml-tts-pt,18,NOISE,60.0,5.86184593605184,0.7767529756085931
cml-tts-pt:6566,cml-tts-pt,18,NOISE,90.0,5.4123396602816,0.768668744021881
cml-tts-pt:6566,cml-tts-pt,19,NOISE,6.0,0.04134028430747557,0.8661076573877078
cml-tts-pt:6566,cml-tts-pt,19,NOISE,12.0,1.0716942470905815,0.8899483667149054
cml-tts-pt:6566,cml-tts-pt,19,NOISE,30.0,1.3961692909564203,0.8974919818534994
cml-tts-pt:6566,cml-tts-pt,19,NOISE,60.0,1.7852309042620516,0.9075946202784021
cml-tts-pt:6566,cml-tts-pt,19,NOISE,90.0,1.5298694896168892,0.9005684852416974
cml-tts-pt:6566,cml-tts-pt,20,NOISE,6.0,1.9397928846795598,0.925175950586696
cml-tts-pt:6566,cml-tts-pt,20,NOISE,12.0,1.629105873063197,0.9337331894309086
cml-tts-pt:6566,cml-tts-pt,20,NOISE,30.0,3.0547617083736522,0.9445545607151039
cml-tts-pt:6566,cml-tts-pt,20,NOISE,60.0,3.2328748168227364,0.9468091726534705
cml-tts-pt:6566,cml-tts-pt,20,NOISE,90.0,3.0290688776127492,0.9432068904949387
cml-tts-pt:6566,cml-tts-pt,21,NOISE,6.0,7.523422697770326,0.9053320594693574
cml-tts-pt:6566,cml-tts-pt,21,NOISE,12.0,6.954067216463632,0.8963652264673693
cml-tts-pt:6566,cml-tts-pt,21,NOISE,30.0,7.738866574564946,0.9067803377007687
cml-tts-pt:6566,cml-tts-pt,21,NOISE,60.0,7.747922309115313,0.9056753576469184
cml-tts-pt:6566,cml-tts-pt,21,NOISE,90.0,7.684439903756385,0.9050304543570711
cml-tts-pt:6566,cml-tts-pt,22,NOISE,6.0,8.33298587772146,0.9238649322378872
cml-tts-pt:6566,cml-tts-pt,22,NOISE,12.0,8.517616394731698,0.9270131205496813
cml-tts-pt:6566,cml-tts-pt,22,NOISE,30.0,8.467696304943194,0.9270203605283359
cml-tts-pt:6566,cml-tts-pt,22,NOISE,60.0,8.494877822350626,0.9263911917933697
cml-tts-pt:6566,cml-tts-pt,22,NOISE,90.0,8.526120527127194,0.9267658524140371
cml-tts-pt:6566,cml-tts-pt,23,NOISE,6.0,1.2824336059673511,0.9109849446822224
cml-tts-pt:6566,cml-tts-pt,23,NOISE,12.0,1.7021846378509409,0.9114713558842383
cml-tts-pt:6566,cml-tts-pt,23,NOISE,30.0,2.4097879152916444,0.9176965803748648
cml-tts-pt:6566,cml-tts-pt,23,NOISE,60.0,3.2919849425144765,0.9286414860622029
cml-tts-pt:6566,cml-tts-pt,23,NOISE,90.0,3.0407991564976213,0.9261343012989238
librispeech-dev-clean:1272,librispeech-dev-clean,0,INT,6.0,-1.252084940735403,0.6054569285960608
librispeech-dev-clean:1272,librispeech-dev-clean,0,INT,12.0,-1.7152396379049846,0.5845471090490197
librispeech-dev-clean:1272,librispeech-dev-clean,0,INT,30.0,-2.3145396768319704,0.558213129013287
librispeech-dev-clean:1272,librispeech-dev-clean,0,INT,60.0,-1.8459215663321464,0.5766462851969283
librispeech-dev-clean:1272,librispeech-dev-clean,0,INT,90.0,-1.6994972078178083,0.578661052531895
librispeech-dev-clean:1272,librispeech-dev-clean,1,INT,6.0,1.1678348877306564,0.745363277278499
librispeech-dev-clean:1272,librispeech-dev-clean,1,INT,12.0,1.4928029902424698,0.7521020822258416
librispeech-dev-clean:1272,librispeech-dev-clean,1,INT,30.0,1.585386358014637,0.7531506885701925
librispeech-dev-clean:1272,librispeech-dev-clean,1,INT,60.0,1.8299642605997466,0.7603145242765638
librispeech-dev-clean:1272,librispeech-dev-clean,1,INT,90.0,1.855247583449641,0.762297182677193
librispeech-dev-clean:1272,librispeech-dev-clean,2,INT,6.0,0.735095976858144,0.7731233470195606
librispeech-dev-clean:1272,librispeech-dev-clean,2,INT,12.0,1.1794121940284168,0.774474362456563
librispeech-dev-clean:1272,librispeech-dev-clean,2,INT,30.0,1.1640339429240762,0.7666772820909308
librispeech-dev-clean:1272,librispeech-dev-clean,2,INT,60.0,1.1654307161176272,0.7711316661559297
librispeech-dev-clean:1272,librispeech-dev-clean,2,INT,90.0,1.0373298505813247,0.7713543298933075
librispeech-dev-clean:1272,librispeech-dev-clean,3,INT,6.0,5.450563071031056,0.8543278818558164
librispeech-dev-clean:1272,librispeech-dev-clean,3,INT,12.0,5.46405773637542,0.8489678073603949
librispeech-dev-clean:1272,librispeech-dev-clean,3,INT,30.0,5.562882006745515,0.8472680020801411
librispeech-dev-clean:1272,librispeech-dev-clean,3,INT,60.0,5.869638572145199,0.8537984484828057
librispeech-dev-clean:1272,librispeech-dev-clean,3,INT,90.0,5.884669441335795,0.8559980741312304
librispeech-dev-clean:1272,librispeech-dev-clean,4,INT,6.0,-2.714301344591449,0.5657866195563908
librispeech-dev-clean:1272,librispeech-dev-clean,4,INT,12.0,-1.9184877747503168,0.6037248400338382
librispeech-dev-clean:1272,librispeech-dev-clean,4,INT,30.0,-2.09904585127946,0.6034437779243879
librispeech-dev-clean:1272,librispeech-dev-clean,4,INT,60.0,-2.4441473166305276,0.5871386860552356
librispeech-dev-clean:1272,librispeech-dev-clean,4,INT,90.0,-3.0373229402585515,0.5588078706505556
librispeech-dev-clean:1272,librispeech-dev-clean,5,INT,6.0,3.999649157583749,0.8618124175843564
librispeech-dev-clean:1272,librispeech-dev-clean,5,INT,12.0,4.114412744296711,0.8614792682080082
librispeech-dev-clean:1272,librispeech-dev-clean,5,INT,30.0,4.333555497181319,0.8633747717253201
librispeech-dev-clean:1272,librispeech-dev-clean,5,INT,60.0,4.249139399504455,0.8672041540620131
librispeech-dev-clean:1272,librispeech-dev-clean,5,INT,90.0,4.221828933988673,0.8680110738544858
librispeech-dev-clean:1272,librispeech-dev-clean,6,INT,6.0,0.024922120059320263,0.8868468348456542
librispeech-dev-clean:1272,librispeech-dev-clean,6,INT,12.0,-0.20586445989190771,0.8811933403912381
librispeech-dev-clean:1272,librispeech-dev-clean,6,INT,30.0,-0.6716250359076005,0.8763872300805814
librispeech-dev-clean:1272,librispeech-dev-clean,6,INT,60.0,-0.554809832434611,0.8837650941366766
librispeech-dev-clean:1272,librispeech-dev-clean,6,INT,90.0,-0.34675421873124507,0.8885518236027892
librispeech-dev-clean:1272,librispeech-dev-clean,7,INT,6.0,2.822961811479859,0.8931037804650419
librispeech-dev-clean:1272,librispeech-dev-clean,7,INT,12.0,2.690150272701676,0.8908884413561102
librispeech-dev-clean:1272,librispeech-dev-clean,7,INT,30.0,2.5962406426349345,0.8918341785227356
librispeech-dev-clean:1272,librispeech-dev-clean,7,INT,60.0,3.0782363949195806,0.8962874071709138
librispeech-dev-clean:1272,librispeech-dev-clean,7,INT,90.0,3.252530441727451,0.8974505105279071
librispeech-dev-clean:1272,librispeech-dev-clean,8,INT,6.0,1.7871966380425095,0.8537177837591816
librispeech-dev-clean:1272,librispeech-dev-clean,8,INT,12.0,1.4407438684796219,0.8440477108441873
librispeech-dev-clean:1272,librispeech-dev-clean,8,INT,30.0,1.441002015074518,0.8424062380512444
librispeech-dev-clean:1272,librispeech-dev-clean,8,INT,60.0,1.7892120611775528,0.8564214831196737
librispeech-dev-clean:1272,librispeech-dev-clean,8,INT,90.0,1.9084391048117177,0.8624210303197976
librispeech-dev-clean:1272,librispeech-dev-clean,9,INT,6.0,0.6224645120421973,0.7953213395217062
librispeech-dev-clean:1272,librispeech-dev-clean,9,INT,12.0,1.216970010927288,0.7947089437264315
librispeech-dev-clean:1272,librispeech-dev-clean,9,INT,30.0,1.0781436127407644,0.790148085364069
librispeech-dev-clean:1272,librispeech-dev-clean,9,INT,60.0,1.1828091648010925,0.7968048022708576
librispeech-dev-clean:1272,librispeech-dev-clean,9,INT,90.0,1.0887752789312428,0.7981276616788074
librispeech-dev-clean:1272,librispeech-dev-clean,10,INTN,6.0,4.793096887953223,0.8712943047338167
librispeech-dev-clean:1272,librispeech-dev-clean,10,INTN,12.0,5.260369237661453,0.8764592826656837
librispeech-dev-clean:1272,librispeech-dev-clean,10,INTN,30.0,5.291387203139672,0.8758091206799764
librispeech-dev-clean:1272,librispeech-dev-clean,10,INTN,60.0,5.168797169314211,0.8760890054596263
librispeech-dev-clean:1272,librispeech-dev-clean,10,INTN,90.0,5.3654321505045885,0.8746896925039257
librispeech-dev-clean:1272,librispeech-dev-clean,11,INTN,6.0,4.739449778704303,0.7864809986082935
librispeech-dev-clean:1272,librispeech-dev-clean,11,INTN,12.0,5.9657305362361255,0.7858558136897513
librispeech-dev-clean:1272,librispeech-dev-clean,11,INTN,30.0,7.086430120331275,0.7903658235708036
librispeech-dev-clean:1272,librispeech-dev-clean,11,INTN,60.0,7.147104085090348,0.7954524832181574
librispeech-dev-clean:1272,librispeech-dev-clean,11,INTN,90.0,7.142101380932284,0.8006329113127418
librispeech-dev-clean:1272,librispeech-dev-clean,12,INTN,6.0,9.438691916779364,0.785244620005105
librispeech-dev-clean:1272,librispeech-dev-clean,12,INTN,12.0,9.845872184868405,0.7808243573558172
librispeech-dev-clean:1272,librispeech-dev-clean,12,INTN,30.0,9.946199878326437,0.7780019411895983
librispeech-dev-clean:1272,librispeech-dev-clean,12,INTN,60.0,9.97836756639209,0.784806839085252
librispeech-dev-clean:1272,librispeech-dev-clean,12,INTN,90.0,9.881793164694555,0.7871074211628372
librispeech-dev-clean:1272,librispeech-dev-clean,13,INTN,6.0,0.9464050548256907,0.5768664561355479
librispeech-dev-clean:1272,librispeech-dev-clean,13,INTN,12.0,0.7691396592779082,0.5694920539165346
librispeech-dev-clean:1272,librispeech-dev-clean,13,INTN,30.0,-0.07711662680595018,0.5518440415981082
librispeech-dev-clean:1272,librispeech-dev-clean,13,INTN,60.0,-0.16513525383948743,0.5521433287423148
librispeech-dev-clean:1272,librispeech-dev-clean,13,INTN,90.0,-0.2528562833480328,0.5532083967762884
librispeech-dev-clean:1272,librispeech-dev-clean,14,INTN,6.0,-1.0381924578465669,0.8735540276999797
librispeech-dev-clean:1272,librispeech-dev-clean,14,INTN,12.0,-0.7692769603697336,0.8735830560013603
librispeech-dev-clean:1272,librispeech-dev-clean,14,INTN,30.0,-0.6489215892198835,0.8737325431429167
librispeech-dev-clean:1272,librispeech-dev-clean,14,INTN,60.0,-0.6696531618619161,0.8769940123539862
librispeech-dev-clean:1272,librispeech-dev-clean,14,INTN,90.0,-0.7451001618594232,0.876551394588165
librispeech-dev-clean:1272,librispeech-dev-clean,15,INTN,6.0,0.1639788596838887,0.74196711243679
librispeech-dev-clean:1272,librispeech-dev-clean,15,INTN,12.0,0.2534289093174292,0.741755113696747
librispeech-dev-clean:1272,librispeech-dev-clean,15,INTN,30.0,0.402588438486523,0.7444152392703117
librispeech-dev-clean:1272,librispeech-dev-clean,15,INTN,60.0,0.5463726736053003,0.7546170838082767
librispeech-dev-clean:1272,librispeech-dev-clean,15,INTN,90.0,0.46471758369935134,0.7565755288219624
librispeech-dev-clean:1272,librispeech-dev-clean,16,INTN,6.0,0.2704695035543902,0.8639211690867711
librispeech-dev-clean:1272,librispeech-dev-clean,16,INTN,12.0,0.7149191235574385,0.8615545673971319
librispeech-dev-clean:1272,librispeech-dev-clean,16,INTN,30.0,0.6072509962858911,0.8536053321378869
librispeech-dev-clean:1272,librispeech-dev-clean,16,INTN,60.0,0.6874662584483303,0.8633710231679711
librispeech-dev-clean:1272,librispeech-dev-clean,16,INTN,90.0,0.6388138858404201,0.8675795246329333
librispeech-dev-clean:1272,librispeech-dev-clean,17,INTN,6.0,1.431300054860771,0.7573896836510482
librispeech-dev-clean:1272,librispeech-dev-clean,17,INTN,12.0,1.7609442738921477,0.7625093453917294
librispeech-dev-clean:1272,librispeech-dev-clean,17,INTN,30.0,1.6377552962181945,0.7616698331822209
librispeech-dev-clean:1272,librispeech-dev-clean,17,INTN,60.0,1.5840732382996476,0.7610957086671138
librispeech-dev-clean:1272,librispeech-dev-clean,17,INTN,90.0,1.416669559213504,0.7590931565038957
librispeech-dev-clean:1272,librispeech-dev-clean,18,NOISE,6.0,7.121477594142502,0.7749559404787716
librispeech-dev-clean:1272,librispeech-dev-clean,18,NOISE,12.0,7.23880060100547,0.7746545196508577
librispeech-dev-clean:1272,librispeech-dev-clean,18,NOISE,30.0,7.239614257865358,0.7724446775808224
librispeech-dev-clean:1272,librispeech-dev-clean,18,NOISE,60.0,7.2280025975446245,0.7729127494266099
librispeech-dev-clean:1272,librispeech-dev-clean,18,NOISE,90.0,7.233394167481081,0.7726413267799205
librispeech-dev-clean:1272,librispeech-dev-clean,19,NOISE,6.0,4.029350182466755,0.8854259871878911
librispeech-dev-clean:1272,librispeech-dev-clean,19,NOISE,12.0,4.516647757900909,0.8907368615389908
librispeech-dev-clean:1272,librispeech-dev-clean,19,NOISE,30.0,4.483694863332137,0.8932373306442893
librispeech-dev-clean:1272,librispeech-dev-clean,19,NOISE,60.0,4.475996931683964,0.8940400724599215
librispeech-dev-clean:1272,librispeech-dev-clean,19,NOISE,90.0,4.532923333719199,0.8953404541044471
librispeech-dev-clean:1272,librispeech-dev-clean,20,NOISE,6.0,8.299750129590233,0.9836364403005088
librispeech-dev-clean:1272,librispeech-dev-clean,20,NOISE,12.0,8.27964462450358,0.983388318819653
librispeech-dev-clean:1272,librispeech-dev-clean,20,NOISE,30.0,8.05038584048721,0.9825780805777712
librispeech-dev-clean:1272,librispeech-dev-clean,20,NOISE,60.0,7.92738937989969,0.9826604864581899
librispeech-dev-clean:1272,librispeech-dev-clean,20,NOISE,90.0,7.8682000849521,0.9826126220050031
librispeech-dev-clean:1272,librispeech-dev-clean,21,NOISE,6.0,16.98134589659311,0.8537236644877212
librispeech-dev-clean:1272,librispeech-dev-clean,21,NOISE,12.0,17.005286884193342,0.8557320081474158
librispeech-dev-clean:1272,librispeech-dev-clean,21,NOISE,30.0,16.79295912026174,0.8550413330123076
librispeech-dev-clean:1272,librispeech-dev-clean,21,NOISE,60.0,16.873573313978724,0.8550938231289519
librispeech-dev-clean:1272,librispeech-dev-clean,21,NOISE,90.0,16.877940490671453,0.8545090748340171
librispeech-dev-clean:1272,librispeech-dev-clean,22,NOISE,6.0,15.342070187184826,0.9493982859887171
librispeech-dev-clean:1272,librispeech-dev-clean,22,NOISE,12.0,15.384964439125254,0.9512452010077496
librispeech-dev-clean:1272,librispeech-dev-clean,22,NOISE,30.0,15.438589573730198,0.9535020470093198
librispeech-dev-clean:1272,librispeech-dev-clean,22,NOISE,60.0,15.302848050836376,0.9503676287328927
librispeech-dev-clean:1272,librispeech-dev-clean,22,NOISE,90.0,15.281975715486576,0.9515855512874186
librispeech-dev-clean:1272,librispeech-dev-clean,23,NOISE,6.0,11.845087128663783,0.9633372755782906
librispeech-dev-clean:1272,librispeech-dev-clean,23,NOISE,12.0,11.901465122258038,0.962635718747452
librispeech-dev-clean:1272,librispeech-dev-clean,23,NOISE,30.0,11.816163751564863,0.9622241967944997
librispeech-dev-clean:1272,librispeech-dev-clean,23,NOISE,60.0,11.77288577759812,0.9618792075370161
librispeech-dev-clean:1272,librispeech-dev-clean,23,NOISE,90.0,11.77638960452129,0.962116062789825
librispeech-dev-clean:2035,librispeech-dev-clean,0,INT,6.0,-2.4554912476295248,0.45989668150868707
librispeech-dev-clean:2035,librispeech-dev-clean,0,INT,12.0,-1.8336264085670704,0.47914775694620165
librispeech-dev-clean:2035,librispeech-dev-clean,0,INT,30.0,-1.423200650084607,0.4910336926303924
librispeech-dev-clean:2035,librispeech-dev-clean,0,INT,60.0,-1.0101603398364156,0.505215477179761
librispeech-dev-clean:2035,librispeech-dev-clean,0,INT,90.0,-0.812302398371858,0.5125194783123459
librispeech-dev-clean:2035,librispeech-dev-clean,1,INT,6.0,1.4494989901512876,0.6670591620365944
librispeech-dev-clean:2035,librispeech-dev-clean,1,INT,12.0,2.088976494775445,0.6870777329638651
librispeech-dev-clean:2035,librispeech-dev-clean,1,INT,30.0,1.9941797777405605,0.6890997550872188
librispeech-dev-clean:2035,librispeech-dev-clean,1,INT,60.0,2.164517781073492,0.6950221784396436
librispeech-dev-clean:2035,librispeech-dev-clean,1,INT,90.0,2.242966611542551,0.6972027752717445
librispeech-dev-clean:2035,librispeech-dev-clean,2,INT,6.0,1.274752534405729,0.7419532715613003
librispeech-dev-clean:2035,librispeech-dev-clean,2,INT,12.0,1.0462645830927069,0.7325630340368057
librispeech-dev-clean:2035,librispeech-dev-clean,2,INT,30.0,0.8643689306442841,0.7267338549470472
librispeech-dev-clean:2035,librispeech-dev-clean,2,INT,60.0,0.7938095486938256,0.7289444379684942
librispeech-dev-clean:2035,librispeech-dev-clean,2,INT,90.0,0.8210951272810441,0.7331287805703979
librispeech-dev-clean:2035,librispeech-dev-clean,3,INT,6.0,-4.402403892312525,0.6389292313934974
librispeech-dev-clean:2035,librispeech-dev-clean,3,INT,12.0,-3.840384354718354,0.6617726865709681
librispeech-dev-clean:2035,librispeech-dev-clean,3,INT,30.0,-3.6947439734788445,0.6741434668093348
librispeech-dev-clean:2035,librispeech-dev-clean,3,INT,60.0,-3.2581904645856077,0.7079203942328945
librispeech-dev-clean:2035,librispeech-dev-clean,3,INT,90.0,-2.998679737239579,0.7192998835209049
librispeech-dev-clean:2035,librispeech-dev-clean,4,INT,6.0,-1.9019423914063533,0.5863875398511581
librispeech-dev-clean:2035,librispeech-dev-clean,4,INT,12.0,-1.1298567177104986,0.6143720139954457
librispeech-dev-clean:2035,librispeech-dev-clean,4,INT,30.0,-1.1662925519111382,0.6061004521314813
librispeech-dev-clean:2035,librispeech-dev-clean,4,INT,60.0,-0.845340799669181,0.6165783133060396
librispeech-dev-clean:2035,librispeech-dev-clean,4,INT,90.0,-0.6934355208890605,0.6245153216153336
librispeech-dev-clean:2035,librispeech-dev-clean,5,INT,6.0,0.2775731653515221,0.7989572139877105
librispeech-dev-clean:2035,librispeech-dev-clean,5,INT,12.0,0.601136994229669,0.8049611400558693
librispeech-dev-clean:2035,librispeech-dev-clean,5,INT,30.0,0.4567267342268521,0.8016039478210305
librispeech-dev-clean:2035,librispeech-dev-clean,5,INT,60.0,0.5154096246592536,0.8047972172546229
librispeech-dev-clean:2035,librispeech-dev-clean,5,INT,90.0,0.5698680134867539,0.8056980263034511
librispeech-dev-clean:2035,librispeech-dev-clean,6,INT,6.0,3.509526481277701,0.805331584591778
librispeech-dev-clean:2035,librispeech-dev-clean,6,INT,12.0,4.374335866047621,0.8162919787957894
librispeech-dev-clean:2035,librispeech-dev-clean,6,INT,30.0,4.62941206050597,0.8258719213742562
librispeech-dev-clean:2035,librispeech-dev-clean,6,INT,60.0,4.860991734304953,0.8309643355846442
librispeech-dev-clean:2035,librispeech-dev-clean,6,INT,90.0,4.886508419846623,0.8332039673412138
librispeech-dev-clean:2035,librispeech-dev-clean,7,INT,6.0,2.331496977834186,0.8147642434798364
librispeech-dev-clean:2035,librispeech-dev-clean,7,INT,12.0,2.824899635048567,0.8179754522005865
librispeech-dev-clean:2035,librispeech-dev-clean,7,INT,30.0,2.8216285198674584,0.8203015720817005
librispeech-dev-clean:2035,librispeech-dev-clean,7,INT,60.0,2.7806653605019704,0.820016190807367
librispeech-dev-clean:2035,librispeech-dev-clean,7,INT,90.0,2.7602212899225713,0.8193404521102844
librispeech-dev-clean:2035,librispeech-dev-clean,8,INT,6.0,3.626146992812494,0.9236729869781843
librispeech-dev-clean:2035,librispeech-dev-clean,8,INT,12.0,3.33746370154624,0.9233107735008645
librispeech-dev-clean:2035,librispeech-dev-clean,8,INT,30.0,3.3440887547497744,0.9227719910583622
librispeech-dev-clean:2035,librispeech-dev-clean,8,INT,60.0,2.8700458376754,0.9197407376397768
librispeech-dev-clean:2035,librispeech-dev-clean,8,INT,90.0,2.574813516548638,0.9170465537434257
librispeech-dev-clean:2035,librispeech-dev-clean,9,INT,6.0,3.9564550687295714,0.9290861370114619
librispeech-dev-clean:2035,librispeech-dev-clean,9,INT,12.0,3.6880605846843033,0.9252668376156659
librispeech-dev-clean:2035,librispeech-dev-clean,9,INT,30.0,3.7692683282287214,0.9270056745454834
librispeech-dev-clean:2035,librispeech-dev-clean,9,INT,60.0,3.5004099764630134,0.9239292164202123
librispeech-dev-clean:2035,librispeech-dev-clean,9,INT,90.0,3.376389751489885,0.9222855738654273
librispeech-dev-clean:2035,librispeech-dev-clean,10,INTN,6.0,-2.2043297253488885,0.5662328985841477
librispeech-dev-clean:2035,librispeech-dev-clean,10,INTN,12.0,-1.124924189593611,0.5836640145063493
librispeech-dev-clean:2035,librispeech-dev-clean,10,INTN,30.0,-1.0993682576602026,0.5822339824891678
librispeech-dev-clean:2035,librispeech-dev-clean,10,INTN,60.0,-0.7499628477307206,0.5906311261941232
librispeech-dev-clean:2035,librispeech-dev-clean,10,INTN,90.0,-0.5827008670650722,0.596390746356304
librispeech-dev-clean:2035,librispeech-dev-clean,11,INTN,6.0,2.5297243388433084,0.8010572511988111
librispeech-dev-clean:2035,librispeech-dev-clean,11,INTN,12.0,3.038997133241223,0.8105447159367581
librispeech-dev-clean:2035,librispeech-dev-clean,11,INTN,30.0,3.079288399254134,0.8114356953306147
librispeech-dev-clean:2035,librispeech-dev-clean,11,INTN,60.0,3.1126587395484098,0.8111980474381552
librispeech-dev-clean:2035,librispeech-dev-clean,11,INTN,90.0,3.1230548435764924,0.8105571728990132
librispeech-dev-clean:2035,librispeech-dev-clean,12,INTN,6.0,9.206045942269856,0.8186671759933803
librispeech-dev-clean:2035,librispeech-dev-clean,12,INTN,12.0,9.573811499783462,0.8032321929881437
librispeech-dev-clean:2035,librispeech-dev-clean,12,INTN,30.0,9.78049616066759,0.8045357910626274
librispeech-dev-clean:2035,librispeech-dev-clean,12,INTN,60.0,9.872033070763177,0.8034137431151618
librispeech-dev-clean:2035,librispeech-dev-clean,12,INTN,90.0,9.886164065588003,0.8032920466142776
librispeech-dev-clean:2035,librispeech-dev-clean,13,INTN,6.0,-2.537647991416724,0.5965306108378442
librispeech-dev-clean:2035,librispeech-dev-clean,13,INTN,12.0,-1.5115828937249935,0.6235919767357521
librispeech-dev-clean:2035,librispeech-dev-clean,13,INTN,30.0,-1.2674120742007344,0.626185779424512
librispeech-dev-clean:2035,librispeech-dev-clean,13,INTN,60.0,-0.95031298132707,0.6329791936286608
librispeech-dev-clean:2035,librispeech-dev-clean,13,INTN,90.0,-0.8772434075397947,0.6352969066713667
librispeech-dev-clean:2035,librispeech-dev-clean,14,INTN,6.0,4.046011847834212,0.8335565354670794
librispeech-dev-clean:2035,librispeech-dev-clean,14,INTN,12.0,4.018280780726294,0.8289571899242393
librispeech-dev-clean:2035,librispeech-dev-clean,14,INTN,30.0,3.9899523707618525,0.8271975568688815
librispeech-dev-clean:2035,librispeech-dev-clean,14,INTN,60.0,3.8865914458611215,0.8247136991217273
librispeech-dev-clean:2035,librispeech-dev-clean,14,INTN,90.0,3.823059821987247,0.8236588843815306
librispeech-dev-clean:2035,librispeech-dev-clean,15,INTN,6.0,5.5289091372751065,0.7773890125643107
librispeech-dev-clean:2035,librispeech-dev-clean,15,INTN,12.0,7.4748523094871695,0.7969690318301953
librispeech-dev-clean:2035,librispeech-dev-clean,15,INTN,30.0,7.8269300901775045,0.8022185846899085
librispeech-dev-clean:2035,librispeech-dev-clean,15,INTN,60.0,8.016560170558318,0.8064195559371138
librispeech-dev-clean:2035,librispeech-dev-clean,15,INTN,90.0,8.075666229771993,0.8081187461221487
librispeech-dev-clean:2035,librispeech-dev-clean,16,INTN,6.0,1.6742940264597417,0.8598882678479974
librispeech-dev-clean:2035,librispeech-dev-clean,16,INTN,12.0,1.642490205089806,0.8560075677832737
librispeech-dev-clean:2035,librispeech-dev-clean,16,INTN,30.0,1.624665473591812,0.8556334335322759
librispeech-dev-clean:2035,librispeech-dev-clean,16,INTN,60.0,1.6137262703964446,0.854407936775813
librispeech-dev-clean:2035,librispeech-dev-clean,16,INTN,90.0,1.6107177737259633,0.8542666079347591
librispeech-dev-clean:2035,librispeech-dev-clean,17,INTN,6.0,1.0847460340903976,0.7930686059375125
librispeech-dev-clean:2035,librispeech-dev-clean,17,INTN,12.0,1.4717546784144042,0.8060896737293238
librispeech-dev-clean:2035,librispeech-dev-clean,17,INTN,30.0,1.5011641472863875,0.8083846313834521
librispeech-dev-clean:2035,librispeech-dev-clean,17,INTN,60.0,1.5901725390140757,0.8111537882198361
librispeech-dev-clean:2035,librispeech-dev-clean,17,INTN,90.0,1.637765071194752,0.8129622900651486
librispeech-dev-clean:2035,librispeech-dev-clean,18,NOISE,6.0,19.625103229836885,0.9498189503066126
librispeech-dev-clean:2035,librispeech-dev-clean,18,NOISE,12.0,19.22665187935019,0.948347950047938
librispeech-dev-clean:2035,librispeech-dev-clean,18,NOISE,30.0,19.327291346281054,0.948493141790979
librispeech-dev-clean:2035,librispeech-dev-clean,18,NOISE,60.0,19.29438306523781,0.9479246361110101
librispeech-dev-clean:2035,librispeech-dev-clean,18,NOISE,90.0,19.266257829489263,0.9479530787523082
librispeech-dev-clean:2035,librispeech-dev-clean,19,NOISE,6.0,12.15483692646071,0.9800688237149987
librispeech-dev-clean:2035,librispeech-dev-clean,19,NOISE,12.0,12.117876987185058,0.9798526468406511
librispeech-dev-clean:2035,librispeech-dev-clean,19,NOISE,30.0,12.318866031406587,0.9796911231164637
librispeech-dev-clean:2035,librispeech-dev-clean,19,NOISE,60.0,12.516993663133993,0.9804699263198359
librispeech-dev-clean:2035,librispeech-dev-clean,19,NOISE,90.0,12.586371689797765,0.9807219432020348
librispeech-dev-clean:2035,librispeech-dev-clean,20,NOISE,6.0,7.081512842992821,0.9636185892253302
librispeech-dev-clean:2035,librispeech-dev-clean,20,NOISE,12.0,7.115951269954145,0.9623085520935226
librispeech-dev-clean:2035,librispeech-dev-clean,20,NOISE,30.0,7.639355945237717,0.9625768192007436
librispeech-dev-clean:2035,librispeech-dev-clean,20,NOISE,60.0,7.568136320458653,0.9630099857063329
librispeech-dev-clean:2035,librispeech-dev-clean,20,NOISE,90.0,7.503571076370798,0.9633520003834773
librispeech-dev-clean:2035,librispeech-dev-clean,21,NOISE,6.0,6.737102295994188,0.9305937669507225
librispeech-dev-clean:2035,librispeech-dev-clean,21,NOISE,12.0,6.715518903546922,0.9302339958000583
librispeech-dev-clean:2035,librispeech-dev-clean,21,NOISE,30.0,6.725010113399336,0.9300257270457827
librispeech-dev-clean:2035,librispeech-dev-clean,21,NOISE,60.0,6.797549622095516,0.929768833814875
librispeech-dev-clean:2035,librispeech-dev-clean,21,NOISE,90.0,6.835122471707172,0.9296822740852811
librispeech-dev-clean:2035,librispeech-dev-clean,22,NOISE,6.0,10.343169483332018,0.9356569840990897
librispeech-dev-clean:2035,librispeech-dev-clean,22,NOISE,12.0,10.477787380876634,0.9353538542072136
librispeech-dev-clean:2035,librispeech-dev-clean,22,NOISE,30.0,10.79197567706475,0.9362864658988567
librispeech-dev-clean:2035,librispeech-dev-clean,22,NOISE,60.0,10.749318564690554,0.9360791825338892
librispeech-dev-clean:2035,librispeech-dev-clean,22,NOISE,90.0,10.64869295952507,0.935411914603585
librispeech-dev-clean:2035,librispeech-dev-clean,23,NOISE,6.0,8.106073849081973,0.9498842513141207
librispeech-dev-clean:2035,librispeech-dev-clean,23,NOISE,12.0,7.967893012127425,0.9485465186142474
librispeech-dev-clean:2035,librispeech-dev-clean,23,NOISE,30.0,7.9684739533240885,0.9483562035549383
librispeech-dev-clean:2035,librispeech-dev-clean,23,NOISE,60.0,7.955316733060072,0.9480677509838635
librispeech-dev-clean:2035,librispeech-dev-clean,23,NOISE,90.0,7.984759264574426,0.948637648165783
librispeech-dev-clean:2078,librispeech-dev-clean,0,INT,6.0,3.2145800025648215,0.800507965203881
librispeech-dev-clean:2078,librispeech-dev-clean,0,INT,12.0,4.091101210050401,0.8110475664554381
librispeech-dev-clean:2078,librispeech-dev-clean,0,INT,30.0,3.4191302604647675,0.8064697133003115
librispeech-dev-clean:2078,librispeech-dev-clean,0,INT,60.0,3.0400251239487512,0.802696478208417
librispeech-dev-clean:2078,librispeech-dev-clean,0,INT,90.0,2.6969593849705795,0.7990429768030348
librispeech-dev-clean:2078,librispeech-dev-clean,1,INT,6.0,-2.334632216344909,0.6525848155614312
librispeech-dev-clean:2078,librispeech-dev-clean,1,INT,12.0,-2.191991277034711,0.6589254891418012
librispeech-dev-clean:2078,librispeech-dev-clean,1,INT,30.0,-2.4224692291766505,0.657762727010019
librispeech-dev-clean:2078,librispeech-dev-clean,1,INT,60.0,-2.474160603163719,0.6568077345560734
librispeech-dev-clean:2078,librispeech-dev-clean,1,INT,90.0,-2.4564148222431315,0.6561967506088743
librispeech-dev-clean:2078,librispeech-dev-clean,2,INT,6.0,0.41248747044111234,0.7509410819656996
librispeech-dev-clean:2078,librispeech-dev-clean,2,INT,12.0,0.8870416217135954,0.7589128770929413
librispeech-dev-clean:2078,librispeech-dev-clean,2,INT,30.0,0.7918131827985563,0.7620442679952705
librispeech-dev-clean:2078,librispeech-dev-clean,2,INT,60.0,0.7872142405480457,0.7621422569972852
librispeech-dev-clean:2078,librispeech-dev-clean,2,INT,90.0,0.755276867252458,0.7616872161075995
librispeech-dev-clean:2078,librispeech-dev-clean,3,INT,6.0,-0.818779711898645,0.6822953959829423
librispeech-dev-clean:2078,librispeech-dev-clean,3,INT,12.0,-0.4131491428167799,0.6903257607356883
librispeech-dev-clean:2078,librispeech-dev-clean,3,INT,30.0,-0.7643518372630771,0.6864841568629833
librispeech-dev-clean:2078,librispeech-dev-clean,3,INT,60.0,-0.9768293286375919,0.686674949074683
librispeech-dev-clean:2078,librispeech-dev-clean,3,INT,90.0,-1.0427268030482735,0.6874144978650163
librispeech-dev-clean:2078,librispeech-dev-clean,4,INT,6.0,-1.9239869950524497,0.719188494478242
librispeech-dev-clean:2078,librispeech-dev-clean,4,INT,12.0,-1.388518698134705,0.7349467775264619
librispeech-dev-clean:2078,librispeech-dev-clean,4,INT,30.0,-2.2115365332301935,0.7224082263832283
librispeech-dev-clean:2078,librispeech-dev-clean,4,INT,60.0,-2.417321089224654,0.7187923532385603
librispeech-dev-clean:2078,librispeech-dev-clean,4,INT,90.0,-2.537302200286342,0.7164329789017962
librispeech-dev-clean:2078,librispeech-dev-clean,5,INT,6.0,3.5542897310169983,0.8303035847747152
librispeech-dev-clean:2078,librispeech-dev-clean,5,INT,12.0,5.558664751730137,0.8463857307474235
librispeech-dev-clean:2078,librispeech-dev-clean,5,INT,30.0,4.770995087579138,0.8413319989201042
librispeech-dev-clean:2078,librispeech-dev-clean,5,INT,60.0,4.4592195463068665,0.8401003030592796
librispeech-dev-clean:2078,librispeech-dev-clean,5,INT,90.0,4.073905302739657,0.8371868097827405
librispeech-dev-clean:2078,librispeech-dev-clean,6,INT,6.0,-0.8548245620622037,0.6894586722110753
librispeech-dev-clean:2078,librispeech-dev-clean,6,INT,12.0,-0.9874131039951489,0.6895620638444143
librispeech-dev-clean:2078,librispeech-dev-clean,6,INT,30.0,-1.2240803000861111,0.6862996024384476
librispeech-dev-clean:2078,librispeech-dev-clean,6,INT,60.0,-1.057245908401984,0.6894796817811422
librispeech-dev-clean:2078,librispeech-dev-clean,6,INT,90.0,-0.6183834141838664,0.6947636980718058
librispeech-dev-clean:2078,librispeech-dev-clean,7,INT,6.0,1.190308932543607,0.8724681214096481
librispeech-dev-clean:2078,librispeech-dev-clean,7,INT,12.0,2.4137739301030847,0.8843584283247988
librispeech-dev-clean:2078,librispeech-dev-clean,7,INT,30.0,1.3190529670986846,0.8788143191845927
librispeech-dev-clean:2078,librispeech-dev-clean,7,INT,60.0,0.5627940395616099,0.8731021038174586
librispeech-dev-clean:2078,librispeech-dev-clean,7,INT,90.0,0.27688863368000755,0.8696468840601214
librispeech-dev-clean:2078,librispeech-dev-clean,8,INT,6.0,0.08506973675259744,0.7941063110000793
librispeech-dev-clean:2078,librispeech-dev-clean,8,INT,12.0,0.49662861916811823,0.788487468568977
librispeech-dev-clean:2078,librispeech-dev-clean,8,INT,30.0,0.12306774452666829,0.7947527086248606
librispeech-dev-clean:2078,librispeech-dev-clean,8,INT,60.0,-0.21506865608960624,0.7941778859746559
librispeech-dev-clean:2078,librispeech-dev-clean,8,INT,90.0,-0.43975830828946183,0.7945470625358938
librispeech-dev-clean:2078,librispeech-dev-clean,9,INT,6.0,-0.1835119396767372,0.8579317302004773
librispeech-dev-clean:2078,librispeech-dev-clean,9,INT,12.0,0.0016245069143539699,0.8606830093783954
librispeech-dev-clean:2078,librispeech-dev-clean,9,INT,30.0,-0.030424859517551667,0.8643558055189219
librispeech-dev-clean:2078,librispeech-dev-clean,9,INT,60.0,-0.10125272006185333,0.8633055658993191
librispeech-dev-clean:2078,librispeech-dev-clean,9,INT,90.0,-0.15541501680509376,0.8622704998178805
librispeech-dev-clean:2078,librispeech-dev-clean,10,INTN,6.0,1.097472324443243,0.6788212791780226
librispeech-dev-clean:2078,librispeech-dev-clean,10,INTN,12.0,3.4977419519604496,0.6987921930415905
librispeech-dev-clean:2078,librispeech-dev-clean,10,INTN,30.0,3.6207692107377585,0.6985749740749408
librispeech-dev-clean:2078,librispeech-dev-clean,10,INTN,60.0,2.1502069421375336,0.6792269291569871
librispeech-dev-clean:2078,librispeech-dev-clean,10,INTN,90.0,1.1272229338407926,0.6700369524914787
librispeech-dev-clean:2078,librispeech-dev-clean,11,INTN,6.0,0.6333641667257923,0.6742973511963878
librispeech-dev-clean:2078,librispeech-dev-clean,11,INTN,12.0,0.8294935871614602,0.6738959131441992
librispeech-dev-clean:2078,librispeech-dev-clean,11,INTN,30.0,0.5862414438156768,0.6732456330341973
librispeech-dev-clean:2078,librispeech-dev-clean,11,INTN,60.0,0.4227169401864095,0.6715663131853761
librispeech-dev-clean:2078,librispeech-dev-clean,11,INTN,90.0,0.36328503601961515,0.6699617370094932
librispeech-dev-clean:2078,librispeech-dev-clean,12,INTN,6.0,0.417071730523735,0.656021244173699
librispeech-dev-clean:2078,librispeech-dev-clean,12,INTN,12.0,4.44285876594794,0.7571340270889174
librispeech-dev-clean:2078,librispeech-dev-clean,12,INTN,30.0,4.146640184774326,0.7651664803707624
librispeech-dev-clean:2078,librispeech-dev-clean,12,INTN,60.0,2.5687506679208236,0.716517379022268
librispeech-dev-clean:2078,librispeech-dev-clean,12,INTN,90.0,0.765434359195857,0.6715175895265758
librispeech-dev-clean:2078,librispeech-dev-clean,13,INTN,6.0,1.0267428489358168,0.7060754689398538
librispeech-dev-clean:2078,librispeech-dev-clean,13,INTN,12.0,1.3040143232063712,0.7196258783352373
librispeech-dev-clean:2078,librispeech-dev-clean,13,INTN,30.0,0.6764411385712465,0.7153802316269168
librispeech-dev-clean:2078,librispeech-dev-clean,13,INTN,60.0,0.44161895391239314,0.7111118540412106
librispeech-dev-clean:2078,librispeech-dev-clean,13,INTN,90.0,0.3033079526088262,0.7082586619891615
librispeech-dev-clean:2078,librispeech-dev-clean,14,INTN,6.0,-0.3602137385027732,0.6925812181787033
librispeech-dev-clean:2078,librispeech-dev-clean,14,INTN,12.0,0.16361909469973504,0.6962659005167819
librispeech-dev-clean:2078,librispeech-dev-clean,14,INTN,30.0,-0.795256709414358,0.6907179144788286
librispeech-dev-clean:2078,librispeech-dev-clean,14,INTN,60.0,-0.9250772828858516,0.6915304176812066
librispeech-dev-clean:2078,librispeech-dev-clean,14,INTN,90.0,-0.8851373970053813,0.6929718290250776
librispeech-dev-clean:2078,librispeech-dev-clean,15,INTN,6.0,6.093664766955193,0.8953769262025136
librispeech-dev-clean:2078,librispeech-dev-clean,15,INTN,12.0,6.168252201511071,0.8949734711743416
librispeech-dev-clean:2078,librispeech-dev-clean,15,INTN,30.0,6.030689189147832,0.8954736081173165
librispeech-dev-clean:2078,librispeech-dev-clean,15,INTN,60.0,5.9695764628276,0.8957758388385799
librispeech-dev-clean:2078,librispeech-dev-clean,15,INTN,90.0,5.975978218115958,0.8959081979498974
librispeech-dev-clean:2078,librispeech-dev-clean,16,INTN,6.0,1.2719719198295822,0.777272799656922
librispeech-dev-clean:2078,librispeech-dev-clean,16,INTN,12.0,1.5765555307015984,0.7807082610754553
librispeech-dev-clean:2078,librispeech-dev-clean,16,INTN,30.0,1.3652634708279356,0.7775250273271217
librispeech-dev-clean:2078,librispeech-dev-clean,16,INTN,60.0,1.2716088388008677,0.7763449087612249
librispeech-dev-clean:2078,librispeech-dev-clean,16,INTN,90.0,1.2564375503992409,0.7761672036429492
librispeech-dev-clean:2078,librispeech-dev-clean,17,INTN,6.0,6.7331745260206,0.8760092899042616
librispeech-dev-clean:2078,librispeech-dev-clean,17,INTN,12.0,6.728467316614925,0.8803637758575856
librispeech-dev-clean:2078,librispeech-dev-clean,17,INTN,30.0,6.6836335500231145,0.8809565290226075
librispeech-dev-clean:2078,librispeech-dev-clean,17,INTN,60.0,6.693126274269171,0.8795833053723362
librispeech-dev-clean:2078,librispeech-dev-clean,17,INTN,90.0,6.734753275471031,0.8792337555115145
librispeech-dev-clean:2078,librispeech-dev-clean,18,NOISE,6.0,9.216033360509753,0.8935484338683536
librispeech-dev-clean:2078,librispeech-dev-clean,18,NOISE,12.0,9.135508039179184,0.8880124334593967
librispeech-dev-clean:2078,librispeech-dev-clean,18,NOISE,30.0,8.961555617039998,0.8828435857275859
librispeech-dev-clean:2078,librispeech-dev-clean,18,NOISE,60.0,8.967123417272562,0.8832743983323278
librispeech-dev-clean:2078,librispeech-dev-clean,18,NOISE,90.0,9.050706434489676,0.8855827127439034
librispeech-dev-clean:2078,librispeech-dev-clean,19,NOISE,6.0,6.074575376357704,0.8857529479591939
librispeech-dev-clean:2078,librispeech-dev-clean,19,NOISE,12.0,6.051207323916863,0.883700824154697
librispeech-dev-clean:2078,librispeech-dev-clean,19,NOISE,30.0,6.048934237721902,0.8827921546856107
librispeech-dev-clean:2078,librispeech-dev-clean,19,NOISE,60.0,6.060896736095888,0.8796162153115393
librispeech-dev-clean:2078,librispeech-dev-clean,19,NOISE,90.0,6.08205038872054,0.8808973292678486
librispeech-dev-clean:2078,librispeech-dev-clean,20,NOISE,6.0,2.3556863743476355,0.8561960806212309
librispeech-dev-clean:2078,librispeech-dev-clean,20,NOISE,12.0,2.006211882473918,0.8662805354299055
librispeech-dev-clean:2078,librispeech-dev-clean,20,NOISE,30.0,2.4114250684248852,0.864048353960631
librispeech-dev-clean:2078,librispeech-dev-clean,20,NOISE,60.0,2.701476911541597,0.8640267828988564
librispeech-dev-clean:2078,librispeech-dev-clean,20,NOISE,90.0,2.9525847558943803,0.8685319041919511
librispeech-dev-clean:2078,librispeech-dev-clean,21,NOISE,6.0,14.798501711035263,0.8532046121355518
librispeech-dev-clean:2078,librispeech-dev-clean,21,NOISE,12.0,14.787930100049346,0.8518325374403956
librispeech-dev-clean:2078,librispeech-dev-clean,21,NOISE,30.0,14.544738047342108,0.8500361273811299
librispeech-dev-clean:2078,librispeech-dev-clean,21,NOISE,60.0,14.642382461985,0.8497850425337802
librispeech-dev-clean:2078,librispeech-dev-clean,21,NOISE,90.0,14.84148601383343,0.8501762855743825
librispeech-dev-clean:2078,librispeech-dev-clean,22,NOISE,6.0,8.91778111256716,0.9752604410084076
librispeech-dev-clean:2078,librispeech-dev-clean,22,NOISE,12.0,8.678960219233547,0.9744576810742372
librispeech-dev-clean:2078,librispeech-dev-clean,22,NOISE,30.0,8.405931707586344,0.9744911088174658
librispeech-dev-clean:2078,librispeech-dev-clean,22,NOISE,60.0,8.503841552446543,0.974868794999615
librispeech-dev-clean:2078,librispeech-dev-clean,22,NOISE,90.0,8.763651663002276,0.9758482424375673
librispeech-dev-clean:2078,librispeech-dev-clean,23,NOISE,6.0,4.710950164738514,0.7683499445184085
librispeech-dev-clean:2078,librispeech-dev-clean,23,NOISE,12.0,4.6813117516189156,0.7680151402677131
librispeech-dev-clean:2078,librispeech-dev-clean,23,NOISE,30.0,4.654297428563392,0.7672009943419745
librispeech-dev-clean:2078,librispeech-dev-clean,23,NOISE,60.0,4.729034598112435,0.7684779649988128
librispeech-dev-clean:2078,librispeech-dev-clean,23,NOISE,90.0,4.806113255806063,0.7687751467240348
librispeech-dev-clean:2277,librispeech-dev-clean,0,INT,6.0,4.7634778234289294,0.8321138855024665
librispeech-dev-clean:2277,librispeech-dev-clean,0,INT,12.0,3.8233020800772297,0.8347925873486891
librispeech-dev-clean:2277,librispeech-dev-clean,0,INT,30.0,3.7874253297845577,0.8272052484382932
librispeech-dev-clean:2277,librispeech-dev-clean,0,INT,60.0,3.5516325389344554,0.8273339954638318
librispeech-dev-clean:2277,librispeech-dev-clean,0,INT,90.0,3.4801536668157045,0.8274568895051079
librispeech-dev-clean:2277,librispeech-dev-clean,1,INT,6.0,0.21015668376990226,0.798631880985799
librispeech-dev-clean:2277,librispeech-dev-clean,1,INT,12.0,0.44476028680936913,0.8082393792239838
librispeech-dev-clean:2277,librispeech-dev-clean,1,INT,30.0,0.36701582604051447,0.8037105623867369
librispeech-dev-clean:2277,librispeech-dev-clean,1,INT,60.0,0.33178815674038015,0.8040183495705483
librispeech-dev-clean:2277,librispeech-dev-clean,1,INT,90.0,0.3254906466793142,0.8052094760067204
librispeech-dev-clean:2277,librispeech-dev-clean,2,INT,6.0,-4.854682208341938,0.5020811993296318
librispeech-dev-clean:2277,librispeech-dev-clean,2,INT,12.0,-5.581369640478747,0.48722307897028666
librispeech-dev-clean:2277,librispeech-dev-clean,2,INT,30.0,-6.3312858793300935,0.48036194291120865
librispeech-dev-clean:2277,librispeech-dev-clean,2,INT,60.0,-6.6836997339262,0.4806031175326119
librispeech-dev-clean:2277,librispeech-dev-clean,2,INT,90.0,-6.352398574723104,0.4848976251563812
librispeech-dev-clean:2277,librispeech-dev-clean,3,INT,6.0,-2.674523641759406,0.6007114590852731
librispeech-dev-clean:2277,librispeech-dev-clean,3,INT,12.0,-3.372170652410851,0.6109414367745454
librispeech-dev-clean:2277,librispeech-dev-clean,3,INT,30.0,-3.6252958626589,0.600278007714353
librispeech-dev-clean:2277,librispeech-dev-clean,3,INT,60.0,-3.8091975814427532,0.6049596619714456
librispeech-dev-clean:2277,librispeech-dev-clean,3,INT,90.0,-3.746398832014087,0.606316895970211
librispeech-dev-clean:2277,librispeech-dev-clean,4,INT,6.0,-5.146036938627362,0.6160810414602257
librispeech-dev-clean:2277,librispeech-dev-clean,4,INT,12.0,-5.871988409879635,0.6134380626414253
librispeech-dev-clean:2277,librispeech-dev-clean,4,INT,30.0,-5.915567990291231,0.6075686721317467
librispeech-dev-clean:2277,librispeech-dev-clean,4,INT,60.0,-6.095933163598423,0.6108253372015526
librispeech-dev-clean:2277,librispeech-dev-clean,4,INT,90.0,-5.939689682525636,0.6134784808968581
librispeech-dev-clean:2277,librispeech-dev-clean,5,INT,6.0,-4.232812372552989,0.6808508916109801
librispeech-dev-clean:2277,librispeech-dev-clean,5,INT,12.0,-3.0885161880674485,0.7233408265766661
librispeech-dev-clean:2277,librispeech-dev-clean,5,INT,30.0,-3.2663176430474543,0.7241452146865166
librispeech-dev-clean:2277,librispeech-dev-clean,5,INT,60.0,-3.1428280532015465,0.7343777324488255
librispeech-dev-clean:2277,librispeech-dev-clean,5,INT,90.0,-3.1435785217680916,0.7359724186704467
librispeech-dev-clean:2277,librispeech-dev-clean,6,INT,6.0,0.3166152090075259,0.8108735465850351
librispeech-dev-clean:2277,librispeech-dev-clean,6,INT,12.0,0.03920492693022686,0.7953664521976179
librispeech-dev-clean:2277,librispeech-dev-clean,6,INT,30.0,-0.16114971713759227,0.7938921876984728
librispeech-dev-clean:2277,librispeech-dev-clean,6,INT,60.0,-0.28019546690495467,0.789738921800131
librispeech-dev-clean:2277,librispeech-dev-clean,6,INT,90.0,-0.24892720214000383,0.7894878097395818
librispeech-dev-clean:2277,librispeech-dev-clean,7,INT,6.0,0.3620485610001503,0.8614786671860234
librispeech-dev-clean:2277,librispeech-dev-clean,7,INT,12.0,0.8793970574892555,0.8805193379916676
librispeech-dev-clean:2277,librispeech-dev-clean,7,INT,30.0,0.5743355393139495,0.8758866879176864
librispeech-dev-clean:2277,librispeech-dev-clean,7,INT,60.0,0.7732072682820373,0.8792314572563417
librispeech-dev-clean:2277,librispeech-dev-clean,7,INT,90.0,0.7816240961159524,0.8807244564815585
librispeech-dev-clean:2277,librispeech-dev-clean,8,INT,6.0,0.568853079202016,0.8772524126181932
librispeech-dev-clean:2277,librispeech-dev-clean,8,INT,12.0,0.4135922217135682,0.8788620881281121
librispeech-dev-clean:2277,librispeech-dev-clean,8,INT,30.0,0.17032764332313763,0.876715422839606
librispeech-dev-clean:2277,librispeech-dev-clean,8,INT,60.0,0.11004601899127277,0.8767721724627386
librispeech-dev-clean:2277,librispeech-dev-clean,8,INT,90.0,0.12571922678742303,0.8771125195241227
librispeech-dev-clean:2277,librispeech-dev-clean,9,INT,6.0,0.04879608217542616,0.8310923285844619
librispeech-dev-clean:2277,librispeech-dev-clean,9,INT,12.0,-1.2532316417394782,0.8127535428495986
librispeech-dev-clean:2277,librispeech-dev-clean,9,INT,30.0,-1.331555737742863,0.807419926889627
librispeech-dev-clean:2277,librispeech-dev-clean,9,INT,60.0,-1.572835090561081,0.8054241024377689
librispeech-dev-clean:2277,librispeech-dev-clean,9,INT,90.0,-1.5863630335535974,0.8066524674412369
librispeech-dev-clean:2277,librispeech-dev-clean,10,INTN,6.0,0.11446903682064462,0.7285683117842113
librispeech-dev-clean:2277,librispeech-dev-clean,10,INTN,12.0,-0.6047110661881053,0.7138107527151374
librispeech-dev-clean:2277,librispeech-dev-clean,10,INTN,30.0,-0.30822568125621425,0.7089447778445862
librispeech-dev-clean:2277,librispeech-dev-clean,10,INTN,60.0,-0.5281300469252096,0.709345070162498
librispeech-dev-clean:2277,librispeech-dev-clean,10,INTN,90.0,-0.5170520270872184,0.7121147450788997
librispeech-dev-clean:2277,librispeech-dev-clean,11,INTN,6.0,-0.5973707450879909,0.664595510950535
librispeech-dev-clean:2277,librispeech-dev-clean,11,INTN,12.0,-0.5675845966337144,0.6805341942017743
librispeech-dev-clean:2277,librispeech-dev-clean,11,INTN,30.0,-0.9091243843101098,0.6716002006162783
librispeech-dev-clean:2277,librispeech-dev-clean,11,INTN,60.0,-0.918421253619038,0.6735477107035083
librispeech-dev-clean:2277,librispeech-dev-clean,11,INTN,90.0,-0.8311593138288615,0.6759202891937023
librispeech-dev-clean:2277,librispeech-dev-clean,12,INTN,6.0,1.0446963011465225,0.7446942634652323
librispeech-dev-clean:2277,librispeech-dev-clean,12,INTN,12.0,1.7827064128798258,0.7566385717673807
librispeech-dev-clean:2277,librispeech-dev-clean,12,INTN,30.0,1.4847210544583975,0.7570439721398259
librispeech-dev-clean:2277,librispeech-dev-clean,12,INTN,60.0,1.69924977354505,0.7597665852717898
librispeech-dev-clean:2277,librispeech-dev-clean,12,INTN,90.0,1.682313894673098,0.7584027780926604
librispeech-dev-clean:2277,librispeech-dev-clean,13,INTN,6.0,-0.3997742123774127,0.6687439050254967
librispeech-dev-clean:2277,librispeech-dev-clean,13,INTN,12.0,-1.8652889126552166,0.6291198965420756
librispeech-dev-clean:2277,librispeech-dev-clean,13,INTN,30.0,-0.9154667600565382,0.652750611360246
librispeech-dev-clean:2277,librispeech-dev-clean,13,INTN,60.0,-1.4934340273926032,0.642130751789968
librispeech-dev-clean:2277,librispeech-dev-clean,13,INTN,90.0,-1.709363879281171,0.6354379963831805
librispeech-dev-clean:2277,librispeech-dev-clean,14,INTN,6.0,-1.1968364834554421,0.754086680621469
librispeech-dev-clean:2277,librispeech-dev-clean,14,INTN,12.0,-0.7255196070596636,0.7590793082341921
librispeech-dev-clean:2277,librispeech-dev-clean,14,INTN,30.0,-0.8457000444095623,0.7584413697333803
librispeech-dev-clean:2277,librispeech-dev-clean,14,INTN,60.0,-0.8096326013455991,0.7596355228662142
librispeech-dev-clean:2277,librispeech-dev-clean,14,INTN,90.0,-0.763770334575796,0.7606085268969173
librispeech-dev-clean:2277,librispeech-dev-clean,15,INTN,6.0,2.7016779833639,0.8686429925393274
librispeech-dev-clean:2277,librispeech-dev-clean,15,INTN,12.0,3.918630428586731,0.8888770565286251
librispeech-dev-clean:2277,librispeech-dev-clean,15,INTN,30.0,3.4026596114220538,0.8834862766275023
librispeech-dev-clean:2277,librispeech-dev-clean,15,INTN,60.0,3.7114007622610807,0.8869034454803013
librispeech-dev-clean:2277,librispeech-dev-clean,15,INTN,90.0,3.799149086481311,0.8877994996532101
librispeech-dev-clean:2277,librispeech-dev-clean,16,INTN,6.0,1.8842564629258707,0.8046289625127155
librispeech-dev-clean:2277,librispeech-dev-clean,16,INTN,12.0,2.406590998589859,0.8226751560469324
librispeech-dev-clean:2277,librispeech-dev-clean,16,INTN,30.0,2.0281391401599294,0.812073736758895
librispeech-dev-clean:2277,librispeech-dev-clean,16,INTN,60.0,2.2023876291710494,0.8181111243036097
librispeech-dev-clean:2277,librispeech-dev-clean,16,INTN,90.0,2.2623183517417056,0.8194837288052605
librispeech-dev-clean:2277,librispeech-dev-clean,17,INTN,6.0,3.1221190801983276,0.8221003747552222
librispeech-dev-clean:2277,librispeech-dev-clean,17,INTN,12.0,3.222552820263001,0.8316481652786175
librispeech-dev-clean:2277,librispeech-dev-clean,17,INTN,30.0,3.0971691420577474,0.828477436397772
librispeech-dev-clean:2277,librispeech-dev-clean,17,INTN,60.0,3.2261765937844564,0.8310248727276384
librispeech-dev-clean:2277,librispeech-dev-clean,17,INTN,90.0,3.1731331907520874,0.8315134895508982
librispeech-dev-clean:2277,librispeech-dev-clean,18,NOISE,6.0,6.229302115793083,0.8347428908856638
librispeech-dev-clean:2277,librispeech-dev-clean,18,NOISE,12.0,6.504460623456734,0.841152679386056
librispeech-dev-clean:2277,librispeech-dev-clean,18,NOISE,30.0,6.373281165708469,0.8321537783343834
librispeech-dev-clean:2277,librispeech-dev-clean,18,NOISE,60.0,6.35464282250084,0.834594214823931
librispeech-dev-clean:2277,librispeech-dev-clean,18,NOISE,90.0,6.33328313552371,0.8369786044143795
librispeech-dev-clean:2277,librispeech-dev-clean,19,NOISE,6.0,4.155606348851893,0.8577529123102196
librispeech-dev-clean:2277,librispeech-dev-clean,19,NOISE,12.0,5.694302771102808,0.9076717714065933
librispeech-dev-clean:2277,librispeech-dev-clean,19,NOISE,30.0,4.355498715161566,0.8974960353008034
librispeech-dev-clean:2277,librispeech-dev-clean,19,NOISE,60.0,4.6825608370510965,0.9013561352618679
librispeech-dev-clean:2277,librispeech-dev-clean,19,NOISE,90.0,5.247488529031021,0.9055370867725075
librispeech-dev-clean:2277,librispeech-dev-clean,20,NOISE,6.0,10.265099504849838,0.9812807376501341
librispeech-dev-clean:2277,librispeech-dev-clean,20,NOISE,12.0,11.202507979784187,0.9839431079749899
librispeech-dev-clean:2277,librispeech-dev-clean,20,NOISE,30.0,10.61401219675747,0.9832001597068806
librispeech-dev-clean:2277,librispeech-dev-clean,20,NOISE,60.0,10.765013506233876,0.9831933807751483
librispeech-dev-clean:2277,librispeech-dev-clean,20,NOISE,90.0,10.809177278781126,0.98364239180279
librispeech-dev-clean:2277,librispeech-dev-clean,21,NOISE,6.0,11.713247999526994,0.9121709852929838
librispeech-dev-clean:2277,librispeech-dev-clean,21,NOISE,12.0,11.967016707815906,0.9178025545078475
librispeech-dev-clean:2277,librispeech-dev-clean,21,NOISE,30.0,11.44409613736399,0.9071434781796114
librispeech-dev-clean:2277,librispeech-dev-clean,21,NOISE,60.0,11.699722880878523,0.9141216418915342
librispeech-dev-clean:2277,librispeech-dev-clean,21,NOISE,90.0,11.816513069206911,0.9164241743955864
librispeech-dev-clean:2277,librispeech-dev-clean,22,NOISE,6.0,4.69364090330264,0.9461064465087826
librispeech-dev-clean:2277,librispeech-dev-clean,22,NOISE,12.0,5.095341952583653,0.9499282431802855
librispeech-dev-clean:2277,librispeech-dev-clean,22,NOISE,30.0,5.2149328959884285,0.949903490038342
librispeech-dev-clean:2277,librispeech-dev-clean,22,NOISE,60.0,5.28776464751581,0.9496503909942273
librispeech-dev-clean:2277,librispeech-dev-clean,22,NOISE,90.0,5.315182509280912,0.9497675718883518
librispeech-dev-clean:2277,librispeech-dev-clean,23,NOISE,6.0,2.1394904025025965,0.9264908242529947
librispeech-dev-clean:2277,librispeech-dev-clean,23,NOISE,12.0,4.515089128579873,0.9613739391096309
librispeech-dev-clean:2277,librispeech-dev-clean,23,NOISE,30.0,3.6291395618235818,0.958112018951943
librispeech-dev-clean:2277,librispeech-dev-clean,23,NOISE,60.0,3.9313297001867693,0.9601164873970526
librispeech-dev-clean:2277,librispeech-dev-clean,23,NOISE,90.0,4.075507504427553,0.9605674640978231
librispeech-dev-clean:251,librispeech-dev-clean,0,INT,6.0,0.6872197471906132,0.830905083516722
librispeech-dev-clean:251,librispeech-dev-clean,0,INT,12.0,1.106700419889956,0.8313678698491298
librispeech-dev-clean:251,librispeech-dev-clean,0,INT,30.0,1.0851054614022153,0.8290499033533342
librispeech-dev-clean:251,librispeech-dev-clean,0,INT,60.0,1.1963338042275111,0.8283160105601253
librispeech-dev-clean:251,librispeech-dev-clean,0,INT,90.0,1.439024488227217,0.8306171973913582
librispeech-dev-clean:251,librispeech-dev-clean,1,INT,6.0,-2.5027606785641523,0.7112837541643849
librispeech-dev-clean:251,librispeech-dev-clean,1,INT,12.0,-2.8120031522346927,0.7101351511806165
librispeech-dev-clean:251,librispeech-dev-clean,1,INT,30.0,-3.371328654201759,0.7008962655036308
librispeech-dev-clean:251,librispeech-dev-clean,1,INT,60.0,-3.7470984707951422,0.6979772468436898
librispeech-dev-clean:251,librispeech-dev-clean,1,INT,90.0,-3.8864012138112827,0.697747856262576
librispeech-dev-clean:251,librispeech-dev-clean,2,INT,6.0,-1.2230612240889778,0.758635437884161
librispeech-dev-clean:251,librispeech-dev-clean,2,INT,12.0,-1.1891679959795853,0.7603755858891491
librispeech-dev-clean:251,librispeech-dev-clean,2,INT,30.0,-0.9392080952543284,0.7680347993586066
librispeech-dev-clean:251,librispeech-dev-clean,2,INT,60.0,-0.6976034372215639,0.7747014065235217
librispeech-dev-clean:251,librispeech-dev-clean,2,INT,90.0,-0.6333839695789697,0.7754813694085549
librispeech-dev-clean:251,librispeech-dev-clean,3,INT,6.0,-15.871678260368272,0.5589744980981486
librispeech-dev-clean:251,librispeech-dev-clean,3,INT,12.0,-17.454551294675237,0.5223668534902005
librispeech-dev-clean:251,librispeech-dev-clean,3,INT,30.0,-17.243952910669098,0.522751326818336
librispeech-dev-clean:251,librispeech-dev-clean,3,INT,60.0,-17.341702324259238,0.5180605542517328
librispeech-dev-clean:251,librispeech-dev-clean,3,INT,90.0,-17.272295919942916,0.5156123227473697
librispeech-dev-clean:251,librispeech-dev-clean,4,INT,6.0,-9.492942293394156,0.40487773254375065
librispeech-dev-clean:251,librispeech-dev-clean,4,INT,12.0,-10.056727384300983,0.39092618253797196
librispeech-dev-clean:251,librispeech-dev-clean,4,INT,30.0,-9.982652679580337,0.3851585443144783
librispeech-dev-clean:251,librispeech-dev-clean,4,INT,60.0,-9.97245831745292,0.3858716029540496
librispeech-dev-clean:251,librispeech-dev-clean,4,INT,90.0,-9.974886114573088,0.384250434900907
librispeech-dev-clean:251,librispeech-dev-clean,5,INT,6.0,-7.113834607925849,0.6869382430572252
librispeech-dev-clean:251,librispeech-dev-clean,5,INT,12.0,-8.011877791510003,0.6667443108094872
librispeech-dev-clean:251,librispeech-dev-clean,5,INT,30.0,-7.605654015071846,0.6750918118556514
librispeech-dev-clean:251,librispeech-dev-clean,5,INT,60.0,-7.309109279748511,0.6803980833617649
librispeech-dev-clean:251,librispeech-dev-clean,5,INT,90.0,-7.58715012400176,0.6722294365524712
librispeech-dev-clean:251,librispeech-dev-clean,6,INT,6.0,-2.4359347637198567,0.8225559459317205
librispeech-dev-clean:251,librispeech-dev-clean,6,INT,12.0,-2.551991499204172,0.8206580362639463
librispeech-dev-clean:251,librispeech-dev-clean,6,INT,30.0,-2.434651492425285,0.8222525711042304
librispeech-dev-clean:251,librispeech-dev-clean,6,INT,60.0,-2.3391144466500404,0.8245305453259996
librispeech-dev-clean:251,librispeech-dev-clean,6,INT,90.0,-2.3184682698880312,0.8233897712053779
librispeech-dev-clean:251,librispeech-dev-clean,7,INT,6.0,5.561707019323561,0.8903800478491083
librispeech-dev-clean:251,librispeech-dev-clean,7,INT,12.0,5.334082848471233,0.8883122560727837
librispeech-dev-clean:251,librispeech-dev-clean,7,INT,30.0,5.214047521266323,0.8869229259413718
librispeech-dev-clean:251,librispeech-dev-clean,7,INT,60.0,5.232467300561194,0.8863578916440079
librispeech-dev-clean:251,librispeech-dev-clean,7,INT,90.0,5.173739883031072,0.8852748201409019
librispeech-dev-clean:251,librispeech-dev-clean,8,INT,6.0,-3.93474687374164,0.7272412904400721
librispeech-dev-clean:251,librispeech-dev-clean,8,INT,12.0,-4.572672406003971,0.7090611503095566
librispeech-dev-clean:251,librispeech-dev-clean,8,INT,30.0,-4.9086121541682965,0.7020141177144718
librispeech-dev-clean:251,librispeech-dev-clean,8,INT,60.0,-5.044439824320356,0.6962510150845992
librispeech-dev-clean:251,librispeech-dev-clean,8,INT,90.0,-5.181200280245715,0.6921471159528364
librispeech-dev-clean:251,librispeech-dev-clean,9,INT,6.0,9.853025358026953,0.9897334361626492
librispeech-dev-clean:251,librispeech-dev-clean,9,INT,12.0,10.115452328163203,0.9908196080459803
librispeech-dev-clean:251,librispeech-dev-clean,9,INT,30.0,10.022434399253116,0.9905271302124973
librispeech-dev-clean:251,librispeech-dev-clean,9,INT,60.0,10.215456934508653,0.9910650805667441
librispeech-dev-clean:251,librispeech-dev-clean,9,INT,90.0,10.145351085133065,0.9906191201489972
librispeech-dev-clean:251,librispeech-dev-clean,10,INTN,6.0,-7.081815601566582,0.5264876456191324
librispeech-dev-clean:251,librispeech-dev-clean,10,INTN,12.0,-9.198018579923703,0.4944379130831746
librispeech-dev-clean:251,librispeech-dev-clean,10,INTN,30.0,-10.226957689940583,0.47998027874095395
librispeech-dev-clean:251,librispeech-dev-clean,10,INTN,60.0,-10.582754785752853,0.464633648751929
librispeech-dev-clean:251,librispeech-dev-clean,10,INTN,90.0,-11.07790975068859,0.4569081247307258
librispeech-dev-clean:251,librispeech-dev-clean,11,INTN,6.0,-1.9146936501995189,0.6971924899411093
librispeech-dev-clean:251,librispeech-dev-clean,11,INTN,12.0,-2.0074307878052386,0.6790888765018473
librispeech-dev-clean:251,librispeech-dev-clean,11,INTN,30.0,-2.044763310465255,0.6803413390407801
librispeech-dev-clean:251,librispeech-dev-clean,11,INTN,60.0,-2.0117390915943134,0.6863918842798898
librispeech-dev-clean:251,librispeech-dev-clean,11,INTN,90.0,-1.9744755103729865,0.6812601579444273
librispeech-dev-clean:251,librispeech-dev-clean,12,INTN,6.0,-3.786515888220302,0.5921325165884698
librispeech-dev-clean:251,librispeech-dev-clean,12,INTN,12.0,-4.0523332006327974,0.5748245127884711
librispeech-dev-clean:251,librispeech-dev-clean,12,INTN,30.0,-4.066492184338865,0.571030476192166
librispeech-dev-clean:251,librispeech-dev-clean,12,INTN,60.0,-4.015754590638189,0.569528393673936
librispeech-dev-clean:251,librispeech-dev-clean,12,INTN,90.0,-4.05638295699595,0.5651802059640896
librispeech-dev-clean:251,librispeech-dev-clean,13,INTN,6.0,-3.910235798257883,0.5358050654574181
librispeech-dev-clean:251,librispeech-dev-clean,13,INTN,12.0,-4.035474016671147,0.5270477740355618
librispeech-dev-clean:251,librispeech-dev-clean,13,INTN,30.0,-4.042490668058158,0.5188735878420885
librispeech-dev-clean:251,librispeech-dev-clean,13,INTN,60.0,-4.042830816284009,0.5248672184331835
librispeech-dev-clean:251,librispeech-dev-clean,13,INTN,90.0,-4.043518549840833,0.5255047913688303
librispeech-dev-clean:251,librispeech-dev-clean,14,INTN,6.0,-7.165333825041852,0.5296045870286429
librispeech-dev-clean:251,librispeech-dev-clean,14,INTN,12.0,-8.079511852414987,0.4798140949216772
librispeech-dev-clean:251,librispeech-dev-clean,14,INTN,30.0,-9.153825862422476,0.45803002053410097
librispeech-dev-clean:251,librispeech-dev-clean,14,INTN,60.0,-9.98878746201222,0.43038664265485577
librispeech-dev-clean:251,librispeech-dev-clean,14,INTN,90.0,-10.65169091283529,0.4230179720667718
librispeech-dev-clean:251,librispeech-dev-clean,15,INTN,6.0,0.6826988000364319,0.8146642771015834
librispeech-dev-clean:251,librispeech-dev-clean,15,INTN,12.0,0.3227794508082438,0.7890211481832727
librispeech-dev-clean:251,librispeech-dev-clean,15,INTN,30.0,0.1704543587396663,0.7740161615811068
librispeech-dev-clean:251,librispeech-dev-clean,15,INTN,60.0,-0.1277720135622564,0.7661384804024012
librispeech-dev-clean:251,librispeech-dev-clean,15,INTN,90.0,-0.35453707282458186,0.757507551203206
librispeech-dev-clean:251,librispeech-dev-clean,16,INTN,6.0,-8.808203673814736,0.457071188292169
librispeech-dev-clean:251,librispeech-dev-clean,16,INTN,12.0,-9.729050441586287,0.41917754641864907
librispeech-dev-clean:251,librispeech-dev-clean,16,INTN,30.0,-11.103114348162975,0.373852786670962
librispeech-dev-clean:251,librispeech-dev-clean,16,INTN,60.0,-11.877059468792117,0.36010738304644857
librispeech-dev-clean:251,librispeech-dev-clean,16,INTN,90.0,-12.482081532464287,0.3468170708658223
librispeech-dev-clean:251,librispeech-dev-clean,17,INTN,6.0,3.9259672225296103,0.9597847842169204
librispeech-dev-clean:251,librispeech-dev-clean,17,INTN,12.0,4.24985442349974,0.9562782038316459
librispeech-dev-clean:251,librispeech-dev-clean,17,INTN,30.0,4.222630724801864,0.9569629766884122
librispeech-dev-clean:251,librispeech-dev-clean,17,INTN,60.0,4.367206045707556,0.9573772922746503
librispeech-dev-clean:251,librispeech-dev-clean,17,INTN,90.0,4.468501902589129,0.9575841625123428
librispeech-dev-clean:251,librispeech-dev-clean,18,NOISE,6.0,-2.350551463627527,0.5535078191865094
librispeech-dev-clean:251,librispeech-dev-clean,18,NOISE,12.0,-3.388659453465077,0.5187525882221286
librispeech-dev-clean:251,librispeech-dev-clean,18,NOISE,30.0,-4.481885600209863,0.4845278512820264
librispeech-dev-clean:251,librispeech-dev-clean,18,NOISE,60.0,-5.094263165445117,0.4700638676479461
librispeech-dev-clean:251,librispeech-dev-clean,18,NOISE,90.0,-5.365801781521706,0.46532576308178514
librispeech-dev-clean:251,librispeech-dev-clean,19,NOISE,6.0,-2.6392128511832205,0.8041200397654164
librispeech-dev-clean:251,librispeech-dev-clean,19,NOISE,12.0,-3.4152042963511806,0.7735855354515203
librispeech-dev-clean:251,librispeech-dev-clean,19,NOISE,30.0,-3.838834053699667,0.7543994263278635
librispeech-dev-clean:251,librispeech-dev-clean,19,NOISE,60.0,-3.8555844708217193,0.7514037509199304
librispeech-dev-clean:251,librispeech-dev-clean,19,NOISE,90.0,-3.9471123444842746,0.7439128258575852
librispeech-dev-clean:251,librispeech-dev-clean,20,NOISE,6.0,-0.987319744988017,0.8425006483227738
librispeech-dev-clean:251,librispeech-dev-clean,20,NOISE,12.0,-2.460243038871823,0.8237243258900845
librispeech-dev-clean:251,librispeech-dev-clean,20,NOISE,30.0,-3.4051202677228534,0.7802406346302888
librispeech-dev-clean:251,librispeech-dev-clean,20,NOISE,60.0,-5.243086284389651,0.7526655007808358
librispeech-dev-clean:251,librispeech-dev-clean,20,NOISE,90.0,-5.891279292927497,0.7435254393213832
librispeech-dev-clean:251,librispeech-dev-clean,21,NOISE,6.0,-4.374212027366949,0.5750734309780725
librispeech-dev-clean:251,librispeech-dev-clean,21,NOISE,12.0,-4.721710065378567,0.5592617057439194
librispeech-dev-clean:251,librispeech-dev-clean,21,NOISE,30.0,-4.984583704818463,0.5385830364515547
librispeech-dev-clean:251,librispeech-dev-clean,21,NOISE,60.0,-5.549976496357363,0.5480464966358469
librispeech-dev-clean:251,librispeech-dev-clean,21,NOISE,90.0,-4.865664929874263,0.557462012155482
librispeech-dev-clean:251,librispeech-dev-clean,22,NOISE,6.0,5.555351047950475,0.8604164096349703
librispeech-dev-clean:251,librispeech-dev-clean,22,NOISE,12.0,5.381876524606413,0.8577531663604088
librispeech-dev-clean:251,librispeech-dev-clean,22,NOISE,30.0,5.325308542583587,0.8563355432500382
librispeech-dev-clean:251,librispeech-dev-clean,22,NOISE,60.0,5.282216575973037,0.8551003616023799
librispeech-dev-clean:251,librispeech-dev-clean,22,NOISE,90.0,5.222174578269407,0.8557218092720262
librispeech-dev-clean:251,librispeech-dev-clean,23,NOISE,6.0,-3.0173484100947285,0.7217129791171075
librispeech-dev-clean:251,librispeech-dev-clean,23,NOISE,12.0,-3.9526230520938275,0.7098443478802112
librispeech-dev-clean:251,librispeech-dev-clean,23,NOISE,30.0,-4.381781863529548,0.6963516399475435
librispeech-dev-clean:251,librispeech-dev-clean,23,NOISE,60.0,-4.475905618081696,0.6926122465420166
librispeech-dev-clean:251,librispeech-dev-clean,23,NOISE,90.0,-4.527465363486385,0.6919413073270899
librispeech-dev-clean:6319,librispeech-dev-clean,0,INT,6.0,-7.868609363372189,0.6952473756883154
librispeech-dev-clean:6319,librispeech-dev-clean,0,INT,12.0,-7.665216478874844,0.7053106876224833
librispeech-dev-clean:6319,librispeech-dev-clean,0,INT,30.0,-7.512014578293912,0.7069914698879738
librispeech-dev-clean:6319,librispeech-dev-clean,0,INT,60.0,-7.397676248561169,0.7135097007098569
librispeech-dev-clean:6319,librispeech-dev-clean,0,INT,90.0,-7.460501318861161,0.7102598991876431
librispeech-dev-clean:6319,librispeech-dev-clean,1,INT,6.0,0.33471744267712505,0.6311020620507631
librispeech-dev-clean:6319,librispeech-dev-clean,1,INT,12.0,0.5123111774622728,0.645025294480753
librispeech-dev-clean:6319,librispeech-dev-clean,1,INT,30.0,4.218734979810387,0.6896154013629433
librispeech-dev-clean:6319,librispeech-dev-clean,1,INT,60.0,5.609395779928143,0.7209041291384887
librispeech-dev-clean:6319,librispeech-dev-clean,1,INT,90.0,4.830989195726183,0.701504042331271
librispeech-dev-clean:6319,librispeech-dev-clean,2,INT,6.0,-8.410050783898582,0.6496123109082562
librispeech-dev-clean:6319,librispeech-dev-clean,2,INT,12.0,-7.3355184368789805,0.655555037563773
librispeech-dev-clean:6319,librispeech-dev-clean,2,INT,30.0,-6.961764033266213,0.6642782296250127
librispeech-dev-clean:6319,librispeech-dev-clean,2,INT,60.0,-5.691824893662594,0.6750189354350553
librispeech-dev-clean:6319,librispeech-dev-clean,2,INT,90.0,-6.720185207914994,0.6640269057801725
librispeech-dev-clean:6319,librispeech-dev-clean,3,INT,6.0,-5.051391110642462,0.6305143089358453
librispeech-dev-clean:6319,librispeech-dev-clean,3,INT,12.0,-5.6243653181279525,0.6075667719257939
librispeech-dev-clean:6319,librispeech-dev-clean,3,INT,30.0,-5.148709426821607,0.6189282068711521
librispeech-dev-clean:6319,librispeech-dev-clean,3,INT,60.0,-4.99488486394074,0.636780915369947
librispeech-dev-clean:6319,librispeech-dev-clean,3,INT,90.0,-5.204574555795806,0.6223202613171236
librispeech-dev-clean:6319,librispeech-dev-clean,4,INT,6.0,3.6143481073510664,0.6342705921521591
librispeech-dev-clean:6319,librispeech-dev-clean,4,INT,12.0,4.42798010630251,0.6464959510580698
librispeech-dev-clean:6319,librispeech-dev-clean,4,INT,30.0,4.237940698661921,0.6412794513355481
librispeech-dev-clean:6319,librispeech-dev-clean,4,INT,60.0,5.114161850539694,0.6584857770355025
librispeech-dev-clean:6319,librispeech-dev-clean,4,INT,90.0,4.569752172124619,0.647495717574274
librispeech-dev-clean:6319,librispeech-dev-clean,5,INT,6.0,-4.144652856601432,0.7309239805267419
librispeech-dev-clean:6319,librispeech-dev-clean,5,INT,12.0,-4.214073112804925,0.7396225268516
librispeech-dev-clean:6319,librispeech-dev-clean,5,INT,30.0,-2.811761788578794,0.7746369698343619
librispeech-dev-clean:6319,librispeech-dev-clean,5,INT,60.0,-1.4351486604775292,0.805566035498061
librispeech-dev-clean:6319,librispeech-dev-clean,5,INT,90.0,-2.5882562167871224,0.7854362361548244
librispeech-dev-clean:6319,librispeech-dev-clean,6,INT,6.0,4.1098357213108265,0.7925654950991712
librispeech-dev-clean:6319,librispeech-dev-clean,6,INT,12.0,4.14006685198719,0.7810796387988176
librispeech-dev-clean:6319,librispeech-dev-clean,6,INT,30.0,3.8826066197143656,0.7842056231158043
librispeech-dev-clean:6319,librispeech-dev-clean,6,INT,60.0,4.148497953913461,0.7888296066867987
librispeech-dev-clean:6319,librispeech-dev-clean,6,INT,90.0,3.8781614755413742,0.7816469467321004
librispeech-dev-clean:6319,librispeech-dev-clean,7,INT,6.0,1.9897322702951292,0.6505223438347075
librispeech-dev-clean:6319,librispeech-dev-clean,7,INT,12.0,1.8025872590579703,0.6580745645408898
librispeech-dev-clean:6319,librispeech-dev-clean,7,INT,30.0,2.399378622400939,0.662012524842591
librispeech-dev-clean:6319,librispeech-dev-clean,7,INT,60.0,1.8772247275548581,0.6602999774963922
librispeech-dev-clean:6319,librispeech-dev-clean,7,INT,90.0,2.167379168060845,0.6622008132012807
librispeech-dev-clean:6319,librispeech-dev-clean,8,INT,6.0,4.542847769543546,0.9297787051349174
librispeech-dev-clean:6319,librispeech-dev-clean,8,INT,12.0,3.9369672978745354,0.9255146435107164
librispeech-dev-clean:6319,librispeech-dev-clean,8,INT,30.0,4.2722412074121126,0.9209940271031744
librispeech-dev-clean:6319,librispeech-dev-clean,8,INT,60.0,4.82668003651578,0.926228163319195
librispeech-dev-clean:6319,librispeech-dev-clean,8,INT,90.0,4.0067535981897855,0.9201612979758701
librispeech-dev-clean:6319,librispeech-dev-clean,9,INT,6.0,-2.7415331236065783,0.6214450237316381
librispeech-dev-clean:6319,librispeech-dev-clean,9,INT,12.0,-1.4216646716754662,0.6725022104436583
librispeech-dev-clean:6319,librispeech-dev-clean,9,INT,30.0,0.8955532546360035,0.722264690020696
librispeech-dev-clean:6319,librispeech-dev-clean,9,INT,60.0,5.381407245053577,0.7994063347384527
librispeech-dev-clean:6319,librispeech-dev-clean,9,INT,90.0,3.0912626192555006,0.7612195215240476
librispeech-dev-clean:6319,librispeech-dev-clean,10,INTN,6.0,-0.5994774731812584,0.6062195487417393
librispeech-dev-clean:6319,librispeech-dev-clean,10,INTN,12.0,-0.6171426518746015,0.6036491288679403
librispeech-dev-clean:6319,librispeech-dev-clean,10,INTN,30.0,-0.7060833944573636,0.6036151997780639
librispeech-dev-clean:6319,librispeech-dev-clean,10,INTN,60.0,-0.730231290728192,0.6046047863937711
librispeech-dev-clean:6319,librispeech-dev-clean,10,INTN,90.0,-0.7889799897791834,0.6021519543217106
librispeech-dev-clean:6319,librispeech-dev-clean,11,INTN,6.0,-5.458099463619045,0.5892367231759988
librispeech-dev-clean:6319,librispeech-dev-clean,11,INTN,12.0,-3.8661989776556247,0.6099136583415515
librispeech-dev-clean:6319,librispeech-dev-clean,11,INTN,30.0,-2.562659252528921,0.6368873480387318
librispeech-dev-clean:6319,librispeech-dev-clean,11,INTN,60.0,-0.4751884395103951,0.7293242471491707
librispeech-dev-clean:6319,librispeech-dev-clean,11,INTN,90.0,-1.9290814027387404,0.6720611896887716
librispeech-dev-clean:6319,librispeech-dev-clean,12,INTN,6.0,8.221075329343373,0.7818605752237398
librispeech-dev-clean:6319,librispeech-dev-clean,12,INTN,12.0,9.714637606833312,0.7975286224075125
librispeech-dev-clean:6319,librispeech-dev-clean,12,INTN,30.0,10.09249267818849,0.8034469069318257
librispeech-dev-clean:6319,librispeech-dev-clean,12,INTN,60.0,10.521826762018286,0.8069015426714938
librispeech-dev-clean:6319,librispeech-dev-clean,12,INTN,90.0,10.11262159516206,0.8055169717585757
librispeech-dev-clean:6319,librispeech-dev-clean,13,INTN,6.0,0.37744174732880853,0.7757242004250635
librispeech-dev-clean:6319,librispeech-dev-clean,13,INTN,12.0,0.2874952907371457,0.7762780042690215
librispeech-dev-clean:6319,librispeech-dev-clean,13,INTN,30.0,1.2135898791811632,0.782684213149674
librispeech-dev-clean:6319,librispeech-dev-clean,13,INTN,60.0,1.3709293669490386,0.7853649486193085
librispeech-dev-clean:6319,librispeech-dev-clean,13,INTN,90.0,1.0829245103698446,0.7813826265445716
librispeech-dev-clean:6319,librispeech-dev-clean,14,INTN,6.0,-7.778588184506916,0.6845874027436204
librispeech-dev-clean:6319,librispeech-dev-clean,14,INTN,12.0,-6.640152948199788,0.7022877331655873
librispeech-dev-clean:6319,librispeech-dev-clean,14,INTN,30.0,-4.918932343861418,0.7208552082108489
librispeech-dev-clean:6319,librispeech-dev-clean,14,INTN,60.0,-3.889807586473342,0.730038615419724
librispeech-dev-clean:6319,librispeech-dev-clean,14,INTN,90.0,-4.685767762726095,0.7152213892721896
librispeech-dev-clean:6319,librispeech-dev-clean,15,INTN,6.0,2.2535350685914555,0.8721647943079739
librispeech-dev-clean:6319,librispeech-dev-clean,15,INTN,12.0,2.4178705072521756,0.8803367078781612
librispeech-dev-clean:6319,librispeech-dev-clean,15,INTN,30.0,2.7279291915257367,0.8851817693784344
librispeech-dev-clean:6319,librispeech-dev-clean,15,INTN,60.0,2.819601104551309,0.8865157591237721
librispeech-dev-clean:6319,librispeech-dev-clean,15,INTN,90.0,2.688065827039758,0.883692916986543
librispeech-dev-clean:6319,librispeech-dev-clean,16,INTN,6.0,2.431943965438588,0.8231417593870001
librispeech-dev-clean:6319,librispeech-dev-clean,16,INTN,12.0,3.6377634554053753,0.845745221033653
librispeech-dev-clean:6319,librispeech-dev-clean,16,INTN,30.0,4.49474842200074,0.8548449844688366
librispeech-dev-clean:6319,librispeech-dev-clean,16,INTN,60.0,4.767712107308061,0.8575507927819715
librispeech-dev-clean:6319,librispeech-dev-clean,16,INTN,90.0,4.6777468678676355,0.8563834760436323
librispeech-dev-clean:6319,librispeech-dev-clean,17,INTN,6.0,-1.0298737798866826,0.7603760280590377
librispeech-dev-clean:6319,librispeech-dev-clean,17,INTN,12.0,0.4842885770891762,0.7838941861340625
librispeech-dev-clean:6319,librispeech-dev-clean,17,INTN,30.0,1.153967186481507,0.7941711526879945
librispeech-dev-clean:6319,librispeech-dev-clean,17,INTN,60.0,1.941597675712354,0.8249026123713005
librispeech-dev-clean:6319,librispeech-dev-clean,17,INTN,90.0,1.4946185882501937,0.8065382403196123
librispeech-dev-clean:6319,librispeech-dev-clean,18,NOISE,6.0,2.1791885192703027,0.6486945766346439
librispeech-dev-clean:6319,librispeech-dev-clean,18,NOISE,12.0,2.126061797944197,0.6596343233090074
librispeech-dev-clean:6319,librispeech-dev-clean,18,NOISE,30.0,2.698205447031532,0.6773581557817293
librispeech-dev-clean:6319,librispeech-dev-clean,18,NOISE,60.0,3.5356082032609417,0.7089347795996465
librispeech-dev-clean:6319,librispeech-dev-clean,18,NOISE,90.0,2.9268953056593396,0.6863084699569232
librispeech-dev-clean:6319,librispeech-dev-clean,19,NOISE,6.0,3.072725796738611,0.8390901911320716
librispeech-dev-clean:6319,librispeech-dev-clean,19,NOISE,12.0,5.399913488555662,0.846211282503447
librispeech-dev-clean:6319,librispeech-dev-clean,19,NOISE,30.0,4.465100659836594,0.8055825227513028
librispeech-dev-clean:6319,librispeech-dev-clean,19,NOISE,60.0,4.573022876624762,0.8339513894932038
librispeech-dev-clean:6319,librispeech-dev-clean,19,NOISE,90.0,4.429325098431145,0.8034947004972164
librispeech-dev-clean:6319,librispeech-dev-clean,20,NOISE,6.0,-11.75724311834126,0.734651110807096
librispeech-dev-clean:6319,librispeech-dev-clean,20,NOISE,12.0,-11.485973890113863,0.8176049484102416
librispeech-dev-clean:6319,librispeech-dev-clean,20,NOISE,30.0,-10.073876878179565,0.8542721522669209
librispeech-dev-clean:6319,librispeech-dev-clean,20,NOISE,60.0,-9.214727319441492,0.883332860623996
librispeech-dev-clean:6319,librispeech-dev-clean,20,NOISE,90.0,-9.964467712726018,0.8668148129460201
librispeech-dev-clean:6319,librispeech-dev-clean,21,NOISE,6.0,8.064514292044455,0.814114832351135
librispeech-dev-clean:6319,librispeech-dev-clean,21,NOISE,12.0,7.701013801496143,0.8488717148651732
librispeech-dev-clean:6319,librispeech-dev-clean,21,NOISE,30.0,9.414945371674378,0.8697161437619426
librispeech-dev-clean:6319,librispeech-dev-clean,21,NOISE,60.0,13.161583869632418,0.9174593044970675
librispeech-dev-clean:6319,librispeech-dev-clean,21,NOISE,90.0,10.504476832153474,0.885412882457668
librispeech-dev-clean:6319,librispeech-dev-clean,22,NOISE,6.0,1.0834052738216862,0.8067465644910707
librispeech-dev-clean:6319,librispeech-dev-clean,22,NOISE,12.0,3.5596455983769353,0.8568840204712318
librispeech-dev-clean:6319,librispeech-dev-clean,22,NOISE,30.0,3.6296300607545082,0.8448226393574183
librispeech-dev-clean:6319,librispeech-dev-clean,22,NOISE,60.0,5.495631310512368,0.8680785465985911
librispeech-dev-clean:6319,librispeech-dev-clean,22,NOISE,90.0,4.590923347513205,0.8598381841961206
librispeech-dev-clean:6319,librispeech-dev-clean,23,NOISE,6.0,6.464486594741126,0.7238239893210574
librispeech-dev-clean:6319,librispeech-dev-clean,23,NOISE,12.0,6.981068336611542,0.7329689412159387
librispeech-dev-clean:6319,librispeech-dev-clean,23,NOISE,30.0,6.8566078136020066,0.7367813149942872
librispeech-dev-clean:6319,librispeech-dev-clean,23,NOISE,60.0,6.1744254600753905,0.7414523490281179
librispeech-dev-clean:6319,librispeech-dev-clean,23,NOISE,90.0,6.797131486856526,0.7333538847638281
librispeech-dev-clean:8297,librispeech-dev-clean,0,INT,6.0,1.371358516836539,0.8521954919688639
librispeech-dev-clean:8297,librispeech-dev-clean,0,INT,12.0,1.4957293358431334,0.8536177976913292
librispeech-dev-clean:8297,librispeech-dev-clean,0,INT,30.0,0.8675183460819671,0.8367493227967705
librispeech-dev-clean:8297,librispeech-dev-clean,0,INT,60.0,-0.7975245846922432,0.793064099964067
librispeech-dev-clean:8297,librispeech-dev-clean,0,INT,90.0,-1.3582791765642597,0.7740024765680493
librispeech-dev-clean:8297,librispeech-dev-clean,1,INT,6.0,0.18680324492157951,0.7473701564130901
librispeech-dev-clean:8297,librispeech-dev-clean,1,INT,12.0,1.9053837030631788,0.8021206321450042
librispeech-dev-clean:8297,librispeech-dev-clean,1,INT,30.0,1.6137021346451348,0.8041191504467009
librispeech-dev-clean:8297,librispeech-dev-clean,1,INT,60.0,1.6532644478897465,0.8219354605648799
librispeech-dev-clean:8297,librispeech-dev-clean,1,INT,90.0,1.670022902389378,0.8167113595308925
librispeech-dev-clean:8297,librispeech-dev-clean,2,INT,6.0,1.351842700540132,0.7073016146849406
librispeech-dev-clean:8297,librispeech-dev-clean,2,INT,12.0,1.3317468299540849,0.7079132425563665
librispeech-dev-clean:8297,librispeech-dev-clean,2,INT,30.0,0.3670713357822503,0.699488441282288
librispeech-dev-clean:8297,librispeech-dev-clean,2,INT,60.0,0.5350253013690217,0.7061537812267721
librispeech-dev-clean:8297,librispeech-dev-clean,2,INT,90.0,0.32027106312046094,0.7027223595449467
librispeech-dev-clean:8297,librispeech-dev-clean,3,INT,6.0,1.3944043519508647,0.864836706290713
librispeech-dev-clean:8297,librispeech-dev-clean,3,INT,12.0,1.6396012761575323,0.8668105108783641
librispeech-dev-clean:8297,librispeech-dev-clean,3,INT,30.0,1.5117591489294349,0.863004704584755
librispeech-dev-clean:8297,librispeech-dev-clean,3,INT,60.0,0.8495411731168798,0.8496602107316771
librispeech-dev-clean:8297,librispeech-dev-clean,3,INT,90.0,0.6609415716298465,0.8455208997627616
librispeech-dev-clean:8297,librispeech-dev-clean,4,INT,6.0,1.9879041486272744,0.7952603417114186
librispeech-dev-clean:8297,librispeech-dev-clean,4,INT,12.0,2.2958545005347317,0.799011964322542
librispeech-dev-clean:8297,librispeech-dev-clean,4,INT,30.0,2.0847509286448815,0.7823044327446302
librispeech-dev-clean:8297,librispeech-dev-clean,4,INT,60.0,0.7237042043235545,0.7414497898786759
librispeech-dev-clean:8297,librispeech-dev-clean,4,INT,90.0,0.4673682711623963,0.7303387308787856
librispeech-dev-clean:8297,librispeech-dev-clean,5,INT,6.0,-3.0667012309929333,0.7952256214345074
librispeech-dev-clean:8297,librispeech-dev-clean,5,INT,12.0,-2.6955700717284308,0.7998299541474375
librispeech-dev-clean:8297,librispeech-dev-clean,5,INT,30.0,-3.3390227434345423,0.7839035580578724
librispeech-dev-clean:8297,librispeech-dev-clean,5,INT,60.0,-5.523015604468028,0.7316987166844764
librispeech-dev-clean:8297,librispeech-dev-clean,5,INT,90.0,-6.069365381417551,0.7127754783471644
librispeech-dev-clean:8297,librispeech-dev-clean,6,INT,6.0,1.375450000547933,0.8589544141122767
librispeech-dev-clean:8297,librispeech-dev-clean,6,INT,12.0,2.157634408196337,0.8715345288989195
librispeech-dev-clean:8297,librispeech-dev-clean,6,INT,30.0,1.9466229156927135,0.869626522710373
librispeech-dev-clean:8297,librispeech-dev-clean,6,INT,60.0,1.7039250676461462,0.8705125941964424
librispeech-dev-clean:8297,librispeech-dev-clean,6,INT,90.0,1.239920580283,0.865441211241588
librispeech-dev-clean:8297,librispeech-dev-clean,7,INT,6.0,-2.7094214508608387,0.871531155899989
librispeech-dev-clean:8297,librispeech-dev-clean,7,INT,12.0,-2.760295897429326,0.8688294813979716
librispeech-dev-clean:8297,librispeech-dev-clean,7,INT,30.0,-3.0539479999718195,0.8667707614089806
librispeech-dev-clean:8297,librispeech-dev-clean,7,INT,60.0,-4.751210715391618,0.8281170894039408
librispeech-dev-clean:8297,librispeech-dev-clean,7,INT,90.0,-5.13258438478717,0.8139609771279105
librispeech-dev-clean:8297,librispeech-dev-clean,8,INT,6.0,3.2980554713937313,0.7246919271742028
librispeech-dev-clean:8297,librispeech-dev-clean,8,INT,12.0,3.012949143872723,0.7197234458783889
librispeech-dev-clean:8297,librispeech-dev-clean,8,INT,30.0,1.7991257645005705,0.6054636069594425
librispeech-dev-clean:8297,librispeech-dev-clean,8,INT,60.0,1.4993456534492262,0.6053070635935155
librispeech-dev-clean:8297,librispeech-dev-clean,8,INT,90.0,0.9790521501630902,0.5763626786538175
librispeech-dev-clean:8297,librispeech-dev-clean,9,INT,6.0,2.400848081457671,0.9105191022323887
librispeech-dev-clean:8297,librispeech-dev-clean,9,INT,12.0,2.395282050260425,0.9152413961540721
librispeech-dev-clean:8297,librispeech-dev-clean,9,INT,30.0,1.8350155107669284,0.912293812415912
librispeech-dev-clean:8297,librispeech-dev-clean,9,INT,60.0,0.8168234908357223,0.8939250483375886
librispeech-dev-clean:8297,librispeech-dev-clean,9,INT,90.0,0.4017321024645109,0.887835174102135
librispeech-dev-clean:8297,librispeech-dev-clean,10,INTN,6.0,-0.5700347615226241,0.8364456214621571
librispeech-dev-clean:8297,librispeech-dev-clean,10,INTN,12.0,-0.14221472852727166,0.8443964448493659
librispeech-dev-clean:8297,librispeech-dev-clean,10,INTN,30.0,0.473135289136085,0.8572723426735548
librispeech-dev-clean:8297,librispeech-dev-clean,10,INTN,60.0,-0.5022769328170038,0.8210927953232755
librispeech-dev-clean:8297,librispeech-dev-clean,10,INTN,90.0,-0.5059580583389088,0.8195501405985127
librispeech-dev-clean:8297,librispeech-dev-clean,11,INTN,6.0,0.03727275752296803,0.7176402298352803
librispeech-dev-clean:8297,librispeech-dev-clean,11,INTN,12.0,-0.04919355412171316,0.7121410606116979
librispeech-dev-clean:8297,librispeech-dev-clean,11,INTN,30.0,-0.9207453741533903,0.6849538705261136
librispeech-dev-clean:8297,librispeech-dev-clean,11,INTN,60.0,-1.7079199597276753,0.6705320122480781
librispeech-dev-clean:8297,librispeech-dev-clean,11,INTN,90.0,-2.311998681094188,0.6569558727861363
librispeech-dev-clean:8297,librispeech-dev-clean,12,INTN,6.0,-0.7752045246341813,0.6648491370660118
librispeech-dev-clean:8297,librispeech-dev-clean,12,INTN,12.0,-0.5147534860349716,0.6687908024565637
librispeech-dev-clean:8297,librispeech-dev-clean,12,INTN,30.0,-0.47420976241348617,0.6725726441294037
librispeech-dev-clean:8297,librispeech-dev-clean,12,INTN,60.0,-0.031198517420169936,0.6850472058526913
librispeech-dev-clean:8297,librispeech-dev-clean,12,INTN,90.0,-0.02690362501509543,0.6867703857028161
librispeech-dev-clean:8297,librispeech-dev-clean,13,INTN,6.0,-1.3821118141265203,0.6666033056287773
librispeech-dev-clean:8297,librispeech-dev-clean,13,INTN,12.0,-1.882209174995518,0.6418575345579025
librispeech-dev-clean:8297,librispeech-dev-clean,13,INTN,30.0,-1.787266855575214,0.6329406983428574
librispeech-dev-clean:8297,librispeech-dev-clean,13,INTN,60.0,-1.5161372453009516,0.6347862482478853
librispeech-dev-clean:8297,librispeech-dev-clean,13,INTN,90.0,-1.5303324071810511,0.6315032150284149
librispeech-dev-clean:8297,librispeech-dev-clean,14,INTN,6.0,0.9511108536644798,0.8457616556999633
librispeech-dev-clean:8297,librispeech-dev-clean,14,INTN,12.0,1.151803740718391,0.8478027691029014
librispeech-dev-clean:8297,librispeech-dev-clean,14,INTN,30.0,0.5121745440018217,0.837208902787202
librispeech-dev-clean:8297,librispeech-dev-clean,14,INTN,60.0,-0.5471676728666351,0.8216076706323617
librispeech-dev-clean:8297,librispeech-dev-clean,14,INTN,90.0,-0.976098338926823,0.8128010061385105
librispeech-dev-clean:8297,librispeech-dev-clean,15,INTN,6.0,-1.32256775250811,0.7495567441852705
librispeech-dev-clean:8297,librispeech-dev-clean,15,INTN,12.0,-1.9016548261416808,0.7368759597996739
librispeech-dev-clean:8297,librispeech-dev-clean,15,INTN,30.0,-2.9783912003533892,0.6954587791487068
librispeech-dev-clean:8297,librispeech-dev-clean,15,INTN,60.0,-4.934130264899759,0.6476691171230167
librispeech-dev-clean:8297,librispeech-dev-clean,15,INTN,90.0,-5.745703468448547,0.633834503252721
librispeech-dev-clean:8297,librispeech-dev-clean,16,INTN,6.0,1.2241711125127799,0.8971371024775191
librispeech-dev-clean:8297,librispeech-dev-clean,16,INTN,12.0,1.2539895028252097,0.9002871067688477
librispeech-dev-clean:8297,librispeech-dev-clean,16,INTN,30.0,1.0358585491691599,0.8904766236083185
librispeech-dev-clean:8297,librispeech-dev-clean,16,INTN,60.0,0.33287712551900067,0.87332974112106
librispeech-dev-clean:8297,librispeech-dev-clean,16,INTN,90.0,-0.1154308255272067,0.8624901722089806
librispeech-dev-clean:8297,librispeech-dev-clean,17,INTN,6.0,3.258134998979648,0.8043158049087152
librispeech-dev-clean:8297,librispeech-dev-clean,17,INTN,12.0,3.522202939658277,0.8109001700186717
librispeech-dev-clean:8297,librispeech-dev-clean,17,INTN,30.0,2.9544464543285542,0.7977901163333628
librispeech-dev-clean:8297,librispeech-dev-clean,17,INTN,60.0,1.908434516411769,0.7636632234905054
librispeech-dev-clean:8297,librispeech-dev-clean,17,INTN,90.0,1.503878503079963,0.7494247812530768
librispeech-dev-clean:8297,librispeech-dev-clean,18,NOISE,6.0,14.224391503017797,0.91845737158416
librispeech-dev-clean:8297,librispeech-dev-clean,18,NOISE,12.0,14.209581792500364,0.9182425311966101
librispeech-dev-clean:8297,librispeech-dev-clean,18,NOISE,30.0,14.012582033606265,0.917155802630957
librispeech-dev-clean:8297,librispeech-dev-clean,18,NOISE,60.0,13.844669893950302,0.9169658373511586
librispeech-dev-clean:8297,librispeech-dev-clean,18,NOISE,90.0,13.759162911148906,0.9168889952253837
librispeech-dev-clean:8297,librispeech-dev-clean,19,NOISE,6.0,8.90021531122589,0.9402669507304324
librispeech-dev-clean:8297,librispeech-dev-clean,19,NOISE,12.0,8.477770825068186,0.9372608740665894
librispeech-dev-clean:8297,librispeech-dev-clean,19,NOISE,30.0,7.358355547799687,0.932143995311104
librispeech-dev-clean:8297,librispeech-dev-clean,19,NOISE,60.0,6.426403467027107,0.9253611886570806
librispeech-dev-clean:8297,librispeech-dev-clean,19,NOISE,90.0,5.803474464130955,0.9188785603272316
librispeech-dev-clean:8297,librispeech-dev-clean,20,NOISE,6.0,4.83249184433394,0.9553600339466182
librispeech-dev-clean:8297,librispeech-dev-clean,20,NOISE,12.0,4.730888990581648,0.954170815517959
librispeech-dev-clean:8297,librispeech-dev-clean,20,NOISE,30.0,4.477935601548663,0.9526480217134669
librispeech-dev-clean:8297,librispeech-dev-clean,20,NOISE,60.0,4.144729971414202,0.9512028541840479
librispeech-dev-clean:8297,librispeech-dev-clean,20,NOISE,90.0,3.951169198980972,0.9501815749758418
librispeech-dev-clean:8297,librispeech-dev-clean,21,NOISE,6.0,8.759487700438482,0.9063401260590608
librispeech-dev-clean:8297,librispeech-dev-clean,21,NOISE,12.0,7.366004479188426,0.9005558836485913
librispeech-dev-clean:8297,librispeech-dev-clean,21,NOISE,30.0,2.6828692148831697,0.8266459319873499
librispeech-dev-clean:8297,librispeech-dev-clean,21,NOISE,60.0,-1.187712636911555,0.7644263910751725
librispeech-dev-clean:8297,librispeech-dev-clean,21,NOISE,90.0,-2.0532762341319777,0.7514465478732045
librispeech-dev-clean:8297,librispeech-dev-clean,22,NOISE,6.0,10.028038394959514,0.951808166190148
librispeech-dev-clean:8297,librispeech-dev-clean,22,NOISE,12.0,10.034463389688993,0.9525631537407834
librispeech-dev-clean:8297,librispeech-dev-clean,22,NOISE,30.0,9.762772435649131,0.950851816125304
librispeech-dev-clean:8297,librispeech-dev-clean,22,NOISE,60.0,9.579366487092008,0.9486965008773777
librispeech-dev-clean:8297,librispeech-dev-clean,22,NOISE,90.0,9.446107480631191,0.9477049077987568
librispeech-dev-clean:8297,librispeech-dev-clean,23,NOISE,6.0,1.8390473364676847,0.943113863296699
librispeech-dev-clean:8297,librispeech-dev-clean,23,NOISE,12.0,2.061700758407147,0.9454157313995629
librispeech-dev-clean:8297,librispeech-dev-clean,23,NOISE,30.0,-0.4478208843075204,0.9297207046749532
librispeech-dev-clean:8297,librispeech-dev-clean,23,NOISE,60.0,-1.8608429617081617,0.9188758620691663
librispeech-dev-clean:8297,librispeech-dev-clean,23,NOISE,90.0,-2.3013144354347492,0.9130731461699977
librispeech-dev-clean:84,librispeech-dev-clean,0,INT,6.0,2.5406645173549256,0.7091415481288404
librispeech-dev-clean:84,librispeech-dev-clean,0,INT,12.0,1.6182375915097527,0.6887693514277992
librispeech-dev-clean:84,librispeech-dev-clean,0,INT,30.0,1.4586084250672124,0.6857231029184958
librispeech-dev-clean:84,librispeech-dev-clean,0,INT,60.0,1.2935145894528908,0.6789872579272404
librispeech-dev-clean:84,librispeech-dev-clean,0,INT,90.0,1.319496953290438,0.6811125687666539
librispeech-dev-clean:84,librispeech-dev-clean,1,INT,6.0,3.875101534725305,0.7508788721340798
librispeech-dev-clean:84,librispeech-dev-clean,1,INT,12.0,3.8670994009795847,0.7549192773851706
librispeech-dev-clean:84,librispeech-dev-clean,1,INT,30.0,3.625334258075085,0.752120213123689
librispeech-dev-clean:84,librispeech-dev-clean,1,INT,60.0,3.4113343414349093,0.7500056943307891
librispeech-dev-clean:84,librispeech-dev-clean,1,INT,90.0,3.6207531942309648,0.7523090615484863
librispeech-dev-clean:84,librispeech-dev-clean,2,INT,6.0,-2.150153148419088,0.5787091358304792
librispeech-dev-clean:84,librispeech-dev-clean,2,INT,12.0,-2.2327028220701663,0.5808110589713487
librispeech-dev-clean:84,librispeech-dev-clean,2,INT,30.0,-2.0641021249045983,0.5930668895663701
librispeech-dev-clean:84,librispeech-dev-clean,2,INT,60.0,-2.879553291734187,0.5777177724906385
librispeech-dev-clean:84,librispeech-dev-clean,2,INT,90.0,-2.998286487889352,0.5786726412115947
librispeech-dev-clean:84,librispeech-dev-clean,3,INT,6.0,1.7350664490334429,0.6824363825082161
librispeech-dev-clean:84,librispeech-dev-clean,3,INT,12.0,1.4986510034610772,0.6704609711749491
librispeech-dev-clean:84,librispeech-dev-clean,3,INT,30.0,2.0264142035933324,0.6879346954712844
librispeech-dev-clean:84,librispeech-dev-clean,3,INT,60.0,1.9598953425608103,0.6828905064968339
librispeech-dev-clean:84,librispeech-dev-clean,3,INT,90.0,2.5574321111425395,0.6980684310713752
librispeech-dev-clean:84,librispeech-dev-clean,4,INT,6.0,-1.674582698086829,0.6655421277719221
librispeech-dev-clean:84,librispeech-dev-clean,4,INT,12.0,-2.245475171614103,0.666182858416624
librispeech-dev-clean:84,librispeech-dev-clean,4,INT,30.0,-2.3056499845193645,0.676813508921235
librispeech-dev-clean:84,librispeech-dev-clean,4,INT,60.0,-2.5477201673736434,0.6771878259920906
librispeech-dev-clean:84,librispeech-dev-clean,4,INT,90.0,-2.2712250066677195,0.6841594156831956
librispeech-dev-clean:84,librispeech-dev-clean,5,INT,6.0,-4.620196387141742,0.7519500707571365
librispeech-dev-clean:84,librispeech-dev-clean,5,INT,12.0,-4.4025651965349555,0.7520499785906359
librispeech-dev-clean:84,librispeech-dev-clean,5,INT,30.0,-5.180360136761278,0.7429502614250598
librispeech-dev-clean:84,librispeech-dev-clean,5,INT,60.0,-5.629348645418116,0.7407918758341108
librispeech-dev-clean:84,librispeech-dev-clean,5,INT,90.0,-6.096428332002922,0.7322528876206817
librispeech-dev-clean:84,librispeech-dev-clean,6,INT,6.0,1.7294898781187955,0.8280377828486517
librispeech-dev-clean:84,librispeech-dev-clean,6,INT,12.0,2.2064238120635644,0.8323185599817694
librispeech-dev-clean:84,librispeech-dev-clean,6,INT,30.0,1.9007241504793602,0.8311817283786377
librispeech-dev-clean:84,librispeech-dev-clean,6,INT,60.0,1.1153897975089484,0.8220424284691589
librispeech-dev-clean:84,librispeech-dev-clean,6,INT,90.0,1.044849286329667,0.8211979755014913
librispeech-dev-clean:84,librispeech-dev-clean,7,INT,6.0,6.138715896141465,0.8608393919467434
librispeech-dev-clean:84,librispeech-dev-clean,7,INT,12.0,6.2877475660393225,0.8572607150700349
librispeech-dev-clean:84,librispeech-dev-clean,7,INT,30.0,6.4315199219727885,0.8515399849452358
librispeech-dev-clean:84,librispeech-dev-clean,7,INT,60.0,6.466328656672466,0.8522208273593982
librispeech-dev-clean:84,librispeech-dev-clean,7,INT,90.0,6.7654760460336725,0.8558493773266923
librispeech-dev-clean:84,librispeech-dev-clean,8,INT,6.0,0.4863989403565088,0.8611502394587035
librispeech-dev-clean:84,librispeech-dev-clean,8,INT,12.0,0.919665152020347,0.8613096346031256
librispeech-dev-clean:84,librispeech-dev-clean,8,INT,30.0,0.7515389141632761,0.8551778223466217
librispeech-dev-clean:84,librispeech-dev-clean,8,INT,60.0,0.621523428457202,0.8521674599927413
librispeech-dev-clean:84,librispeech-dev-clean,8,INT,90.0,0.43046209518316747,0.8505132564159114
librispeech-dev-clean:84,librispeech-dev-clean,9,INT,6.0,2.8397397232224986,0.849354270697062
librispeech-dev-clean:84,librispeech-dev-clean,9,INT,12.0,2.444665190558704,0.8446342797327708
librispeech-dev-clean:84,librispeech-dev-clean,9,INT,30.0,2.354864629576617,0.8419623274944613
librispeech-dev-clean:84,librispeech-dev-clean,9,INT,60.0,2.364060217060398,0.8423018547173373
librispeech-dev-clean:84,librispeech-dev-clean,9,INT,90.0,2.4269708525495015,0.8438198601219852
librispeech-dev-clean:84,librispeech-dev-clean,10,INTN,6.0,-1.4785625743056492,0.5607687205713018
librispeech-dev-clean:84,librispeech-dev-clean,10,INTN,12.0,-2.052947195943827,0.5455457180488117
librispeech-dev-clean:84,librispeech-dev-clean,10,INTN,30.0,-2.3847072797680173,0.5411870789379559
librispeech-dev-clean:84,librispeech-dev-clean,10,INTN,60.0,-2.620419859360421,0.538899884705584
librispeech-dev-clean:84,librispeech-dev-clean,10,INTN,90.0,-2.4006975760272184,0.5482696304878181
librispeech-dev-clean:84,librispeech-dev-clean,11,INTN,6.0,-2.006411222744813,0.7078105539018997
librispeech-dev-clean:84,librispeech-dev-clean,11,INTN,12.0,-1.6955474003179198,0.7108185146925345
librispeech-dev-clean:84,librispeech-dev-clean,11,INTN,30.0,-1.569144263295714,0.7125229611618796
librispeech-dev-clean:84,librispeech-dev-clean,11,INTN,60.0,-1.7113796066608389,0.7095781798391828
librispeech-dev-clean:84,librispeech-dev-clean,11,INTN,90.0,-1.787164087953416,0.7091541642725497
librispeech-dev-clean:84,librispeech-dev-clean,12,INTN,6.0,-5.477119107743044,0.514249830389775
librispeech-dev-clean:84,librispeech-dev-clean,12,INTN,12.0,-7.064102883990427,0.4944686229642363
librispeech-dev-clean:84,librispeech-dev-clean,12,INTN,30.0,-7.410207769500853,0.48383782298188827
librispeech-dev-clean:84,librispeech-dev-clean,12,INTN,60.0,-8.35756210650768,0.4668911423519841
librispeech-dev-clean:84,librispeech-dev-clean,12,INTN,90.0,-7.559582360735078,0.4810277018902805
librispeech-dev-clean:84,librispeech-dev-clean,13,INTN,6.0,-0.6632037721347939,0.5915994797325247
librispeech-dev-clean:84,librispeech-dev-clean,13,INTN,12.0,-1.0221044651346538,0.5956595403444035
librispeech-dev-clean:84,librispeech-dev-clean,13,INTN,30.0,-1.6725559787884456,0.5858311753021407
librispeech-dev-clean:84,librispeech-dev-clean,13,INTN,60.0,-2.60022068739757,0.5674468738821553
librispeech-dev-clean:84,librispeech-dev-clean,13,INTN,90.0,-2.8604478752287537,0.5609571115054706
librispeech-dev-clean:84,librispeech-dev-clean,14,INTN,6.0,4.620540696552321,0.8142068655868074
librispeech-dev-clean:84,librispeech-dev-clean,14,INTN,12.0,3.7428930499922273,0.7919783405958659
librispeech-dev-clean:84,librispeech-dev-clean,14,INTN,30.0,3.710544127335524,0.7966177913183844
librispeech-dev-clean:84,librispeech-dev-clean,14,INTN,60.0,3.6114331581174426,0.7984942233808563
librispeech-dev-clean:84,librispeech-dev-clean,14,INTN,90.0,3.659806006447783,0.8013491352010632
librispeech-dev-clean:84,librispeech-dev-clean,15,INTN,6.0,-0.1529907480332978,0.7565337535728552
librispeech-dev-clean:84,librispeech-dev-clean,15,INTN,12.0,-0.20257579528733713,0.7538178549891431
librispeech-dev-clean:84,librispeech-dev-clean,15,INTN,30.0,-0.24174174997539502,0.7755769491406603
librispeech-dev-clean:84,librispeech-dev-clean,15,INTN,60.0,-0.600970984507122,0.7750863341054942
librispeech-dev-clean:84,librispeech-dev-clean,15,INTN,90.0,0.1037614679008313,0.7887866952052547
librispeech-dev-clean:84,librispeech-dev-clean,16,INTN,6.0,2.4817493690128263,0.7730008153283
librispeech-dev-clean:84,librispeech-dev-clean,16,INTN,12.0,3.268927953290954,0.7765975342440501
librispeech-dev-clean:84,librispeech-dev-clean,16,INTN,30.0,3.003517431224214,0.7780203911628089
librispeech-dev-clean:84,librispeech-dev-clean,16,INTN,60.0,2.756498660249445,0.7776583605334687
librispeech-dev-clean:84,librispeech-dev-clean,16,INTN,90.0,2.900208203595753,0.777291173942034
librispeech-dev-clean:84,librispeech-dev-clean,17,INTN,6.0,4.552324811222246,0.8491154940974975
librispeech-dev-clean:84,librispeech-dev-clean,17,INTN,12.0,4.643255773893742,0.8445516284346928
librispeech-dev-clean:84,librispeech-dev-clean,17,INTN,30.0,4.391758337327366,0.8374019219541307
librispeech-dev-clean:84,librispeech-dev-clean,17,INTN,60.0,3.8353865567852696,0.8376208754948453
librispeech-dev-clean:84,librispeech-dev-clean,17,INTN,90.0,4.246685286186505,0.8402406297616997
librispeech-dev-clean:84,librispeech-dev-clean,18,NOISE,6.0,13.48720104612554,0.8935113640198348
librispeech-dev-clean:84,librispeech-dev-clean,18,NOISE,12.0,12.817429432460576,0.8853156453833813
librispeech-dev-clean:84,librispeech-dev-clean,18,NOISE,30.0,12.203924880690304,0.8795436792126096
librispeech-dev-clean:84,librispeech-dev-clean,18,NOISE,60.0,11.98625838365124,0.8780372052133846
librispeech-dev-clean:84,librispeech-dev-clean,18,NOISE,90.0,11.848011569703354,0.8765043752216922
librispeech-dev-clean:84,librispeech-dev-clean,19,NOISE,6.0,9.371119334791208,0.9825399116526684
librispeech-dev-clean:84,librispeech-dev-clean,19,NOISE,12.0,6.0096598370802665,0.9696322603373
librispeech-dev-clean:84,librispeech-dev-clean,19,NOISE,30.0,3.3222997423987297,0.9606330932971406
librispeech-dev-clean:84,librispeech-dev-clean,19,NOISE,60.0,1.682995686083956,0.9511870250256876
librispeech-dev-clean:84,librispeech-dev-clean,19,NOISE,90.0,0.6712954502126595,0.9445813866091278
librispeech-dev-clean:84,librispeech-dev-clean,20,NOISE,6.0,10.733607807386642,0.9727955563789662
librispeech-dev-clean:84,librispeech-dev-clean,20,NOISE,12.0,9.926224417417748,0.9702385537326418
librispeech-dev-clean:84,librispeech-dev-clean,20,NOISE,30.0,9.485669088140119,0.9685254636826293
librispeech-dev-clean:84,librispeech-dev-clean,20,NOISE,60.0,8.791945195587953,0.9683896685009548
librispeech-dev-clean:84,librispeech-dev-clean,20,NOISE,90.0,8.147854356320009,0.967526137352204
librispeech-dev-clean:84,librispeech-dev-clean,21,NOISE,6.0,9.36903514130281,0.9143470673566413
librispeech-dev-clean:84,librispeech-dev-clean,21,NOISE,12.0,8.240728388652842,0.8998808982356049
librispeech-dev-clean:84,librispeech-dev-clean,21,NOISE,30.0,6.959837386435587,0.8981419096806046
librispeech-dev-clean:84,librispeech-dev-clean,21,NOISE,60.0,6.22139982848973,0.895736763550532
librispeech-dev-clean:84,librispeech-dev-clean,21,NOISE,90.0,6.469025756239798,0.8969754750722112
librispeech-dev-clean:84,librispeech-dev-clean,22,NOISE,6.0,12.294637099030231,0.935128853552652
librispeech-dev-clean:84,librispeech-dev-clean,22,NOISE,12.0,10.911168328448674,0.9291464839257765
librispeech-dev-clean:84,librispeech-dev-clean,22,NOISE,30.0,9.410163775159686,0.9209272609757239
librispeech-dev-clean:84,librispeech-dev-clean,22,NOISE,60.0,8.692587642272239,0.9193611415710313
librispeech-dev-clean:84,librispeech-dev-clean,22,NOISE,90.0,7.633303462171419,0.9128797900855101
librispeech-dev-clean:84,librispeech-dev-clean,23,NOISE,6.0,7.934937770553028,0.9816487489322233
librispeech-dev-clean:84,librispeech-dev-clean,23,NOISE,12.0,7.035750492319445,0.9801363993405285
librispeech-dev-clean:84,librispeech-dev-clean,23,NOISE,30.0,6.978798738945538,0.9803125932120219
librispeech-dev-clean:84,librispeech-dev-clean,23,NOISE,60.0,7.11195917881085,0.9821120004484594
librispeech-dev-clean:84,librispeech-dev-clean,23,NOISE,90.0,6.918177111720476,0.9814464854309914
vctk-0.92:p280,vctk-0.92,0,INT,6.0,1.5320257505841617,0.6265808317981579
vctk-0.92:p280,vctk-0.92,0,INT,12.0,1.618620415020363,0.6283691447184911
vctk-0.92:p280,vctk-0.92,0,INT,30.0,1.707212802531185,0.6286404671860072
vctk-0.92:p280,vctk-0.92,0,INT,60.0,1.6613166852828043,0.6280972861496834
vctk-0.92:p280,vctk-0.92,0,INT,90.0,1.6704737044178046,0.6275914383885054
vctk-0.92:p280,vctk-0.92,1,INT,6.0,0.33593688724171217,0.7113208604571621
vctk-0.92:p280,vctk-0.92,1,INT,12.0,0.585468511672018,0.7176940845785921
vctk-0.92:p280,vctk-0.92,1,INT,30.0,0.5854188319496929,0.7173942455866031
vctk-0.92:p280,vctk-0.92,1,INT,60.0,0.5455221336067906,0.7167598052566517
vctk-0.92:p280,vctk-0.92,1,INT,90.0,0.5953974297857699,0.7177236029775468
vctk-0.92:p280,vctk-0.92,2,INT,6.0,8.206485496974606,0.735174132586379
vctk-0.92:p280,vctk-0.92,2,INT,12.0,7.868709601409319,0.7220095020459137
vctk-0.92:p280,vctk-0.92,2,INT,30.0,7.969152152388376,0.72454419618187
vctk-0.92:p280,vctk-0.92,2,INT,60.0,7.964847669367205,0.7256242832699176
vctk-0.92:p280,vctk-0.92,2,INT,90.0,7.952544822613308,0.7243669985374023
vctk-0.92:p280,vctk-0.92,3,INT,6.0,0.23103692468464399,0.7979357417062335
vctk-0.92:p280,vctk-0.92,3,INT,12.0,0.17243665511143205,0.7982056931260205
vctk-0.92:p280,vctk-0.92,3,INT,30.0,0.1602018589164629,0.7980591081937711
vctk-0.92:p280,vctk-0.92,3,INT,60.0,0.19453085439481735,0.7982289241986168
vctk-0.92:p280,vctk-0.92,3,INT,90.0,0.16768979425425914,0.7983963224441496
vctk-0.92:p280,vctk-0.92,4,INT,6.0,-4.2384909904651265,0.7580526517526205
vctk-0.92:p280,vctk-0.92,4,INT,12.0,-3.3034585697753003,0.770782132086885
vctk-0.92:p280,vctk-0.92,4,INT,30.0,-3.3900695823231572,0.7678499883367381
vctk-0.92:p280,vctk-0.92,4,INT,60.0,-3.461284691440086,0.7668379666073907
vctk-0.92:p280,vctk-0.92,4,INT,90.0,-3.3159377339349625,0.7687425103650437
vctk-0.92:p280,vctk-0.92,5,INT,6.0,4.200841912563335,0.7662015990455672
vctk-0.92:p280,vctk-0.92,5,INT,12.0,3.7973978555021795,0.761741651376718
vctk-0.92:p280,vctk-0.92,5,INT,30.0,3.8762928924688307,0.7654829698816646
vctk-0.92:p280,vctk-0.92,5,INT,60.0,3.861235200011341,0.7658190240162318
vctk-0.92:p280,vctk-0.92,5,INT,90.0,3.806123068397046,0.7634507480522204
vctk-0.92:p280,vctk-0.92,6,INT,6.0,0.6051777483496149,0.8352223419447006
vctk-0.92:p280,vctk-0.92,6,INT,12.0,0.4695552518079422,0.8372403339224136
vctk-0.92:p280,vctk-0.92,6,INT,30.0,0.49635996165280244,0.8380408637093067
vctk-0.92:p280,vctk-0.92,6,INT,60.0,0.47966354580156817,0.8372684472267015
vctk-0.92:p280,vctk-0.92,6,INT,90.0,0.4816584515207927,0.8382400136410918
vctk-0.92:p280,vctk-0.92,7,INT,6.0,-0.2881695665398321,0.7952033521837157
vctk-0.92:p280,vctk-0.92,7,INT,12.0,-0.31040280717405216,0.7943928190690995
vctk-0.92:p280,vctk-0.92,7,INT,30.0,-0.3210118616288344,0.7931579913066833
vctk-0.92:p280,vctk-0.92,7,INT,60.0,-0.3227431499120576,0.7939773151568663
vctk-0.92:p280,vctk-0.92,7,INT,90.0,-0.3249360698417526,0.7931452565698202
vctk-0.92:p280,vctk-0.92,8,INT,6.0,2.9227623461005385,0.782616608885211
vctk-0.92:p280,vctk-0.92,8,INT,12.0,2.831456224335625,0.7825083560855198
vctk-0.92:p280,vctk-0.92,8,INT,30.0,2.8534496856299274,0.7837862879499311
vctk-0.92:p280,vctk-0.92,8,INT,60.0,2.8631907612006526,0.7840696066337883
vctk-0.92:p280,vctk-0.92,8,INT,90.0,2.83984401379757,0.7838769659080244
vctk-0.92:p280,vctk-0.92,9,INT,6.0,1.1041623131681175,0.8416462927747276
vctk-0.92:p280,vctk-0.92,9,INT,12.0,0.9141288793226309,0.8393038322334035
vctk-0.92:p280,vctk-0.92,9,INT,30.0,0.9221600235225539,0.8376916281997678
vctk-0.92:p280,vctk-0.92,9,INT,60.0,0.9369667200332868,0.8376184773035833
vctk-0.92:p280,vctk-0.92,9,INT,90.0,0.9141778714275762,0.837296453150667
vctk-0.92:p280,vctk-0.92,10,INTN,6.0,3.0730295074885325,0.5964842556560869
vctk-0.92:p280,vctk-0.92,10,INTN,12.0,3.079015356701385,0.5989868094470278
vctk-0.92:p280,vctk-0.92,10,INTN,30.0,3.081536350718024,0.5983289857937174
vctk-0.92:p280,vctk-0.92,10,INTN,60.0,3.0217388548445885,0.5972368457620164
vctk-0.92:p280,vctk-0.92,10,INTN,90.0,3.045539835762407,0.5977066689637429
vctk-0.92:p280,vctk-0.92,11,INTN,6.0,0.14751432666270295,0.5712194066429711
vctk-0.92:p280,vctk-0.92,11,INTN,12.0,0.14302553514614663,0.5732554655022665
vctk-0.92:p280,vctk-0.92,11,INTN,30.0,0.13535107551031159,0.5725678293580335
vctk-0.92:p280,vctk-0.92,11,INTN,60.0,0.1239489264425236,0.5721429802746933
vctk-0.92:p280,vctk-0.92,11,INTN,90.0,0.1224272230562714,0.5724576713944209
vctk-0.92:p280,vctk-0.92,12,INTN,6.0,-0.2954549772771338,0.6675749136165883
vctk-0.92:p280,vctk-0.92,12,INTN,12.0,-0.7993927221825938,0.6638715321140456
vctk-0.92:p280,vctk-0.92,12,INTN,30.0,-0.6975598313476574,0.6643393538318172
vctk-0.92:p280,vctk-0.92,12,INTN,60.0,-0.6248162314358963,0.6645306308752881
vctk-0.92:p280,vctk-0.92,12,INTN,90.0,-0.6854377011763826,0.6642468840834974
vctk-0.92:p280,vctk-0.92,13,INTN,6.0,1.1184474948140901,0.8253270409701394
vctk-0.92:p280,vctk-0.92,13,INTN,12.0,1.1941522362564572,0.8270993035626734
vctk-0.92:p280,vctk-0.92,13,INTN,30.0,1.146911010079254,0.8266253549591527
vctk-0.92:p280,vctk-0.92,13,INTN,60.0,1.1910105668942543,0.8268722378291975
vctk-0.92:p280,vctk-0.92,13,INTN,90.0,1.1593113199774312,0.8268993388210273
vctk-0.92:p280,vctk-0.92,14,INTN,6.0,2.34905712434011,0.7682893276859826
vctk-0.92:p280,vctk-0.92,14,INTN,12.0,2.209415362816731,0.7677570211480161
vctk-0.92:p280,vctk-0.92,14,INTN,30.0,2.2582896531187298,0.7685192340599393
vctk-0.92:p280,vctk-0.92,14,INTN,60.0,2.2549112717675475,0.7688555415828259
vctk-0.92:p280,vctk-0.92,14,INTN,90.0,2.251478747569505,0.768703431350767
vctk-0.92:p280,vctk-0.92,15,INTN,6.0,4.230078572969677,0.7101553570097665
vctk-0.92:p280,vctk-0.92,15,INTN,12.0,4.002804883342538,0.7045022132303155
vctk-0.92:p280,vctk-0.92,15,INTN,30.0,4.025352132189897,0.7059542248411207
vctk-0.92:p280,vctk-0.92,15,INTN,60.0,4.046484810065753,0.7058687544480313
vctk-0.92:p280,vctk-0.92,15,INTN,90.0,3.9714978492165574,0.7040640056172354
vctk-0.92:p280,vctk-0.92,16,INTN,6.0,1.5900001542153541,0.7207420998888404
vctk-0.92:p280,vctk-0.92,16,INTN,12.0,1.5444632912200926,0.7202328999576982
vctk-0.92:p280,vctk-0.92,16,INTN,30.0,1.559235172142236,0.720735134769666
vctk-0.92:p280,vctk-0.92,16,INTN,60.0,1.5537716662587384,0.7203626896106763
vctk-0.92:p280,vctk-0.92,16,INTN,90.0,1.552412935615343,0.7203164068209463
vctk-0.92:p280,vctk-0.92,17,INTN,6.0,4.390076001731362,0.7798223105090746
vctk-0.92:p280,vctk-0.92,17,INTN,12.0,4.0699508091145296,0.780621040825637
vctk-0.92:p280,vctk-0.92,17,INTN,30.0,4.0625690403211046,0.7800293673664692
vctk-0.92:p280,vctk-0.92,17,INTN,60.0,3.993179246879366,0.7801775656454466
vctk-0.92:p280,vctk-0.92,17,INTN,90.0,3.9820103226706194,0.7808985355199359
vctk-0.92:p280,vctk-0.92,18,NOISE,6.0,16.33709691878914,0.8346504040279865
vctk-0.92:p280,vctk-0.92,18,NOISE,12.0,16.263028181077814,0.8303274000866593
vctk-0.92:p280,vctk-0.92,18,NOISE,30.0,16.28397577731495,0.8303000855786883
vctk-0.92:p280,vctk-0.92,18,NOISE,60.0,16.25823598594665,0.8326416362900996
vctk-0.92:p280,vctk-0.92,18,NOISE,90.0,16.264111781663264,0.8301861718021932
vctk-0.92:p280,vctk-0.92,19,NOISE,6.0,22.884326844589108,0.828872520053118
vctk-0.92:p280,vctk-0.92,19,NOISE,12.0,22.8835276949236,0.8281045839568684
vctk-0.92:p280,vctk-0.92,19,NOISE,30.0,22.928057853792883,0.826950779716043
vctk-0.92:p280,vctk-0.92,19,NOISE,60.0,22.935268684263264,0.8261270208182139
vctk-0.92:p280,vctk-0.92,19,NOISE,90.0,22.95753157032327,0.8278595199931282
vctk-0.92:p280,vctk-0.92,20,NOISE,6.0,10.36610038968468,0.9723356653929199
vctk-0.92:p280,vctk-0.92,20,NOISE,12.0,10.316908055070249,0.9745948969167646
vctk-0.92:p280,vctk-0.92,20,NOISE,30.0,10.323586206123792,0.9765188973807962
vctk-0.92:p280,vctk-0.92,20,NOISE,60.0,10.323705639552317,0.9766240834662229
vctk-0.92:p280,vctk-0.92,20,NOISE,90.0,10.316709886320458,0.9757845247414968
vctk-0.92:p280,vctk-0.92,21,NOISE,6.0,17.016664441480547,0.7430977480196344
vctk-0.92:p280,vctk-0.92,21,NOISE,12.0,17.240171583737254,0.739189217863354
vctk-0.92:p280,vctk-0.92,21,NOISE,30.0,17.332889753895433,0.7393347998779669
vctk-0.92:p280,vctk-0.92,21,NOISE,60.0,17.24474516009541,0.7385282791753865
vctk-0.92:p280,vctk-0.92,21,NOISE,90.0,17.28970827357682,0.7395901379340692
vctk-0.92:p280,vctk-0.92,22,NOISE,6.0,9.934154539378904,0.8958549915286588
vctk-0.92:p280,vctk-0.92,22,NOISE,12.0,10.019912938030743,0.8953175557113354
vctk-0.92:p280,vctk-0.92,22,NOISE,30.0,10.010474889103461,0.8954344732863491
vctk-0.92:p280,vctk-0.92,22,NOISE,60.0,10.017465122901076,0.895376136886673
vctk-0.92:p280,vctk-0.92,22,NOISE,90.0,10.011142793781259,0.8955614113024045
vctk-0.92:p280,vctk-0.92,23,NOISE,6.0,9.748816906575973,0.975195648840279
vctk-0.92:p280,vctk-0.92,23,NOISE,12.0,9.749918983221228,0.9757403361398028
vctk-0.92:p280,vctk-0.92,23,NOISE,30.0,9.893392106869682,0.9755976559362578
vctk-0.92:p280,vctk-0.92,23,NOISE,60.0,10.0056028016502,0.9756180338877497
vctk-0.92:p280,vctk-0.92,23,NOISE,90.0,9.9692076829382,0.9756756049004345
vctk-0.92:p285,vctk-0.92,0,INT,6.0,0.3864533061773598,0.7982514618082485
vctk-0.92:p285,vctk-0.92,0,INT,12.0,0.6642565924610366,0.8029101358962731
vctk-0.92:p285,vctk-0.92,0,INT,30.0,0.5506797720500656,0.7906420156456729
vctk-0.92:p285,vctk-0.92,0,INT,60.0,0.5658013566067278,0.793072141351911
vctk-0.92:p285,vctk-0.92,0,INT,90.0,0.5883046605989651,0.7932576222974131
vctk-0.92:p285,vctk-0.92,1,INT,6.0,-2.4698301317864764,0.7717440648425068
vctk-0.92:p285,vctk-0.92,1,INT,12.0,-1.5362463621386293,0.824917737747025
vctk-0.92:p285,vctk-0.92,1,INT,30.0,-0.2373752636306572,0.8197615666976751
vctk-0.92:p285,vctk-0.92,1,INT,60.0,-0.20229623164052113,0.8205450103650507
vctk-0.92:p285,vctk-0.92,1,INT,90.0,-0.26945189724261237,0.8190672796927861
vctk-0.92:p285,vctk-0.92,2,INT,6.0,0.9225451519582265,0.8310730620371055
vctk-0.92:p285,vctk-0.92,2,INT,12.0,-0.47713942135621124,0.80866704758737
vctk-0.92:p285,vctk-0.92,2,INT,30.0,-0.7877289756048209,0.8014657870003795
vctk-0.92:p285,vctk-0.92,2,INT,60.0,-0.7558698866039691,0.8021036261393574
vctk-0.92:p285,vctk-0.92,2,INT,90.0,-0.8199002283386481,0.8008361000877198
vctk-0.92:p285,vctk-0.92,3,INT,6.0,-3.3864498045084495,0.7781592499197089
vctk-0.92:p285,vctk-0.92,3,INT,12.0,0.023945255788349735,0.8596758437856825
vctk-0.92:p285,vctk-0.92,3,INT,30.0,-0.43852053191980667,0.85133562972839
vctk-0.92:p285,vctk-0.92,3,INT,60.0,-0.4472871871926316,0.852243731308952
vctk-0.92:p285,vctk-0.92,3,INT,90.0,-0.43732296008982385,0.8521643234155009
vctk-0.92:p285,vctk-0.92,4,INT,6.0,1.9172722220667546,0.8163479889904703
vctk-0.92:p285,vctk-0.92,4,INT,12.0,1.1898957881827286,0.8118676340036425
vctk-0.92:p285,vctk-0.92,4,INT,30.0,0.8703827440339488,0.8107510166080631
vctk-0.92:p285,vctk-0.92,4,INT,60.0,0.8910004979445336,0.8109769585476024
vctk-0.92:p285,vctk-0.92,4,INT,90.0,0.846320706596711,0.8111090956138524
vctk-0.92:p285,vctk-0.92,5,INT,6.0,-0.8435937039673744,0.7593787558743618
vctk-0.92:p285,vctk-0.92,5,INT,12.0,-0.7419455566332148,0.7729252274456098
vctk-0.92:p285,vctk-0.92,5,INT,30.0,0.029602855312073236,0.7748663940842428
vctk-0.92:p285,vctk-0.92,5,INT,60.0,-0.05239461868241127,0.774622991767106
vctk-0.92:p285,vctk-0.92,5,INT,90.0,-0.037515130168869405,0.7750429534317488
vctk-0.92:p285,vctk-0.92,6,INT,6.0,-3.623103751495348,0.7921106236516763
vctk-0.92:p285,vctk-0.92,6,INT,12.0,-0.0729932772575251,0.957124223057393
vctk-0.92:p285,vctk-0.92,6,INT,30.0,0.14874778471335848,0.9581172331780579
vctk-0.92:p285,vctk-0.92,6,INT,60.0,0.13990701798363528,0.9583480863514252
vctk-0.92:p285,vctk-0.92,6,INT,90.0,0.16701313328626663,0.9585490095356756
vctk-0.92:p285,vctk-0.92,7,INT,6.0,-0.09627704711776514,0.6985406867263021
vctk-0.92:p285,vctk-0.92,7,INT,12.0,-0.015801425758183107,0.701310258996329
vctk-0.92:p285,vctk-0.92,7,INT,30.0,0.40299609288012306,0.7146221505785956
vctk-0.92:p285,vctk-0.92,7,INT,60.0,0.3682130131947468,0.7134702235197027
vctk-0.92:p285,vctk-0.92,7,INT,90.0,0.3359598206773476,0.7138913976721096
vctk-0.92:p285,vctk-0.92,8,INT,6.0,1.091749748711789,0.8937145266857605
vctk-0.92:p285,vctk-0.92,8,INT,12.0,1.2161013200907063,0.8956186467695738
vctk-0.92:p285,vctk-0.92,8,INT,30.0,1.261126763917967,0.8942917697878027
vctk-0.92:p285,vctk-0.92,8,INT,60.0,1.181162170170013,0.893786774170628
vctk-0.92:p285,vctk-0.92,8,INT,90.0,1.2148039645680357,0.89428652245359
vctk-0.92:p285,vctk-0.92,9,INT,6.0,-1.7221563678671368,0.8626015966730213
vctk-0.92:p285,vctk-0.92,9,INT,12.0,-1.846922610891946,0.8674077350380918
vctk-0.92:p285,vctk-0.92,9,INT,30.0,0.0347011875020857,0.8863999314627531
vctk-0.92:p285,vctk-0.92,9,INT,60.0,-0.2586862551908841,0.8839964872490134
vctk-0.92:p285,vctk-0.92,9,INT,90.0,-0.15376128382332546,0.8849398354256554
vctk-0.92:p285,vctk-0.92,10,INTN,6.0,1.6058176127930528,0.5359149505152291
vctk-0.92:p285,vctk-0.92,10,INTN,12.0,1.3916582227749734,0.5123051150781889
vctk-0.92:p285,vctk-0.92,10,INTN,30.0,1.162831009978788,0.5287387470353071
vctk-0.92:p285,vctk-0.92,10,INTN,60.0,1.3656191569728449,0.5214901767369194
vctk-0.92:p285,vctk-0.92,10,INTN,90.0,1.3725828693812812,0.5203951491361115
vctk-0.92:p285,vctk-0.92,11,INTN,6.0,-2.4645665589235386,0.743361298456349
vctk-0.92:p285,vctk-0.92,11,INTN,12.0,-2.9375608055017595,0.7324655471143249
vctk-0.92:p285,vctk-0.92,11,INTN,30.0,-3.0646344470988818,0.7328277224025079
vctk-0.92:p285,vctk-0.92,11,INTN,60.0,-3.125952937256509,0.7317100614904454
vctk-0.92:p285,vctk-0.92,11,INTN,90.0,-3.113952455342719,0.7319561894027394
vctk-0.92:p285,vctk-0.92,12,INTN,6.0,1.6775156363201829,0.6181845106525182
vctk-0.92:p285,vctk-0.92,12,INTN,12.0,1.890733227287175,0.6774518816081967
vctk-0.92:p285,vctk-0.92,12,INTN,30.0,2.0010318846141,0.6860146038233617
vctk-0.92:p285,vctk-0.92,12,INTN,60.0,2.0268753493279466,0.6851890723160875
vctk-0.92:p285,vctk-0.92,12,INTN,90.0,2.0730933075465674,0.6866730838129996
vctk-0.92:p285,vctk-0.92,13,INTN,6.0,2.228669971058217,0.701487203993226
vctk-0.92:p285,vctk-0.92,13,INTN,12.0,2.413795169502149,0.7062845563127165
vctk-0.92:p285,vctk-0.92,13,INTN,30.0,2.377858828697763,0.6943491988537099
vctk-0.92:p285,vctk-0.92,13,INTN,60.0,2.142106266772126,0.6942000781050076
vctk-0.92:p285,vctk-0.92,13,INTN,90.0,2.202530605029736,0.6948653694347731
vctk-0.92:p285,vctk-0.92,14,INTN,6.0,0.09655399885778786,0.7739824861679837
vctk-0.92:p285,vctk-0.92,14,INTN,12.0,-0.376557809654126,0.7858913014956027
vctk-0.92:p285,vctk-0.92,14,INTN,30.0,-0.10037544032884714,0.7881876372156339
vctk-0.92:p285,vctk-0.92,14,INTN,60.0,-0.248861015900922,0.7869021539797288
vctk-0.92:p285,vctk-0.92,14,INTN,90.0,-0.21393521584329642,0.7871709083543306
vctk-0.92:p285,vctk-0.92,15,INTN,6.0,3.3376053636556318,0.6716913199776827
vctk-0.92:p285,vctk-0.92,15,INTN,12.0,2.6007207609906833,0.669673416243164
vctk-0.92:p285,vctk-0.92,15,INTN,30.0,2.447033327745343,0.6685380890380755
vctk-0.92:p285,vctk-0.92,15,INTN,60.0,2.4629615351212886,0.6688274357158908
vctk-0.92:p285,vctk-0.92,15,INTN,90.0,2.452846520728399,0.6686114621933692
vctk-0.92:p285,vctk-0.92,16,INTN,6.0,2.154659951440855,0.867571426389719
vctk-0.92:p285,vctk-0.92,16,INTN,12.0,2.160713402906362,0.8801104181881856
vctk-0.92:p285,vctk-0.92,16,INTN,30.0,2.027803512847599,0.8805754775132385
vctk-0.92:p285,vctk-0.92,16,INTN,60.0,2.041791304456822,0.8800563861556076
vctk-0.92:p285,vctk-0.92,16,INTN,90.0,2.0340354919330053,0.8802177233442237
vctk-0.92:p285,vctk-0.92,17,INTN,6.0,4.619975625151827,0.8599485066119595
vctk-0.92:p285,vctk-0.92,17,INTN,12.0,4.783683313450561,0.8653665804152673
vctk-0.92:p285,vctk-0.92,17,INTN,30.0,4.758028989153065,0.8652330811231618
vctk-0.92:p285,vctk-0.92,17,INTN,60.0,4.791668673346391,0.8661675235112876
vctk-0.92:p285,vctk-0.92,17,INTN,90.0,4.7870616818907274,0.8661052193224005
vctk-0.92:p285,vctk-0.92,18,NOISE,6.0,14.119190195366736,0.7461681553270388
vctk-0.92:p285,vctk-0.92,18,NOISE,12.0,14.89334644215217,0.7453826225056795
vctk-0.92:p285,vctk-0.92,18,NOISE,30.0,14.920875720385032,0.7512329598553094
vctk-0.92:p285,vctk-0.92,18,NOISE,60.0,14.922373260296746,0.7555948659774402
vctk-0.92:p285,vctk-0.92,18,NOISE,90.0,14.948128264654732,0.7556933799463881
vctk-0.92:p285,vctk-0.92,19,NOISE,6.0,7.988392588265008,0.9149510327489926
vctk-0.92:p285,vctk-0.92,19,NOISE,12.0,8.173618256220493,0.9256147945155693
vctk-0.92:p285,vctk-0.92,19,NOISE,30.0,8.214864102979234,0.9281127687535702
vctk-0.92:p285,vctk-0.92,19,NOISE,60.0,8.204017854256364,0.9277567673351479
vctk-0.92:p285,vctk-0.92,19,NOISE,90.0,8.21523557016476,0.9281802874945115
vctk-0.92:p285,vctk-0.92,20,NOISE,6.0,7.429556238271222,0.9315060958208816
vctk-0.92:p285,vctk-0.92,20,NOISE,12.0,8.93355331468783,0.9523425768023112
vctk-0.92:p285,vctk-0.92,20,NOISE,30.0,9.270430396424016,0.952227924619092
vctk-0.92:p285,vctk-0.92,20,NOISE,60.0,9.258742915607796,0.9522226586155215
vctk-0.92:p285,vctk-0.92,20,NOISE,90.0,9.311548615055315,0.9522615774652955
vctk-0.92:p285,vctk-0.92,21,NOISE,6.0,7.813923114996466,0.8121239829274232
vctk-0.92:p285,vctk-0.92,21,NOISE,12.0,7.958486848709346,0.822495398083957
vctk-0.92:p285,vctk-0.92,21,NOISE,30.0,8.016143156223462,0.8255088900270763
vctk-0.92:p285,vctk-0.92,21,NOISE,60.0,8.00052305923438,0.8253597043363818
vctk-0.92:p285,vctk-0.92,21,NOISE,90.0,8.018066052528994,0.8257191995970531
vctk-0.92:p285,vctk-0.92,22,NOISE,6.0,7.833551312695714,0.7646784612953708
vctk-0.92:p285,vctk-0.92,22,NOISE,12.0,7.793013659820008,0.7606557299745873
vctk-0.92:p285,vctk-0.92,22,NOISE,30.0,7.741624815083848,0.7581606315603494
vctk-0.92:p285,vctk-0.92,22,NOISE,60.0,7.752883634908677,0.7579761672197477
vctk-0.92:p285,vctk-0.92,22,NOISE,90.0,7.749889270323457,0.7580265683010801
vctk-0.92:p285,vctk-0.92,23,NOISE,6.0,7.545130817512347,0.9447644280248276
vctk-0.92:p285,vctk-0.92,23,NOISE,12.0,7.619754071871686,0.9441822660648581
vctk-0.92:p285,vctk-0.92,23,NOISE,30.0,7.590185328558873,0.9440283468658833
vctk-0.92:p285,vctk-0.92,23,NOISE,60.0,7.574823671771854,0.9438860333862568
vctk-0.92:p285,vctk-0.92,23,NOISE,90.0,7.576431699074425,0.9440111400309016
vctk-0.92:p288,vctk-0.92,0,INT,6.0,0.5323677584092293,0.7381062562765068
vctk-0.92:p288,vctk-0.92,0,INT,12.0,0.4479543586867636,0.7338581346717231
vctk-0.92:p288,vctk-0.92,0,INT,30.0,0.5025338583342055,0.7354161660957432
vctk-0.92:p288,vctk-0.92,0,INT,60.0,0.4826629005275844,0.7342707460929678
vctk-0.92:p288,vctk-0.92,0,INT,90.0,0.47977671308458797,0.7343589840878805
vctk-0.92:p288,vctk-0.92,1,INT,6.0,0.2116187928039627,0.8569710425173004
vctk-0.92:p288,vctk-0.92,1,INT,12.0,0.08150672958427346,0.8546363170057077
vctk-0.92:p288,vctk-0.92,1,INT,30.0,0.13413129036510382,0.8564513316204826
vctk-0.92:p288,vctk-0.92,1,INT,60.0,0.11019573700141644,0.8554261628747092
vctk-0.92:p288,vctk-0.92,1,INT,90.0,0.11174028831556017,0.8555628238156013
vctk-0.92:p288,vctk-0.92,2,INT,6.0,1.4593264272330313,0.7553605550686742
vctk-0.92:p288,vctk-0.92,2,INT,12.0,1.1867293185094163,0.7514914121433485
vctk-0.92:p288,vctk-0.92,2,INT,30.0,1.2030018649650567,0.7515051853074303
vctk-0.92:p288,vctk-0.92,2,INT,60.0,1.1733555690286739,0.7513859203523108
vctk-0.92:p288,vctk-0.92,2,INT,90.0,1.1499883441046632,0.7511889294571451
vctk-0.92:p288,vctk-0.92,3,INT,6.0,1.6713913329911396,0.9003625462088317
vctk-0.92:p288,vctk-0.92,3,INT,12.0,1.5857004218222415,0.9002168646712425
vctk-0.92:p288,vctk-0.92,3,INT,30.0,1.5669318213247259,0.9004420891400383
vctk-0.92:p288,vctk-0.92,3,INT,60.0,1.573902671226125,0.9001810725581655
vctk-0.92:p288,vctk-0.92,3,INT,90.0,1.5775733736289428,0.9001199153507108
vctk-0.92:p288,vctk-0.92,4,INT,6.0,0.4095970332240564,0.7125355924897611
vctk-0.92:p288,vctk-0.92,4,INT,12.0,0.05434792712511633,0.7134625237469078
vctk-0.92:p288,vctk-0.92,4,INT,30.0,-0.04792646796902399,0.7095739167051738
vctk-0.92:p288,vctk-0.92,4,INT,60.0,0.024461450169043802,0.7111469498729872
vctk-0.92:p288,vctk-0.92,4,INT,90.0,0.05103725422513797,0.7118761635226475
vctk-0.92:p288,vctk-0.92,5,INT,6.0,4.153842513418249,0.8711570158414187
vctk-0.92:p288,vctk-0.92,5,INT,12.0,4.023700295207423,0.87582821182668
vctk-0.92:p288,vctk-0.92,5,INT,30.0,4.27966506122282,0.8755551500181239
vctk-0.92:p288,vctk-0.92,5,INT,60.0,4.12852458372515,0.8750750474546454
vctk-0.92:p288,vctk-0.92,5,INT,90.0,4.124913436657182,0.8750508035676537
vctk-0.92:p288,vctk-0.92,6,INT,6.0,0.7966697327191582,0.7992894354478177
vctk-0.92:p288,vctk-0.92,6,INT,12.0,0.8118241128216956,0.7972735750905464
vctk-0.92:p288,vctk-0.92,6,INT,30.0,0.9387266912021944,0.7995143856395742
vctk-0.92:p288,vctk-0.92,6,INT,60.0,0.9746112814143139,0.804057221999106
vctk-0.92:p288,vctk-0.92,6,INT,90.0,0.9446043029671557,0.8011914547890452
vctk-0.92:p288,vctk-0.92,7,INT,6.0,-1.570014331372498,0.8801787003980963
vctk-0.92:p288,vctk-0.92,7,INT,12.0,-1.3896542622598667,0.884905886764594
vctk-0.92:p288,vctk-0.92,7,INT,30.0,-1.3623399528057718,0.8859191659008435
vctk-0.92:p288,vctk-0.92,7,INT,60.0,-1.3580870803053953,0.8852737753901113
vctk-0.92:p288,vctk-0.92,7,INT,90.0,-1.3909340495601672,0.8853230274785308
vctk-0.92:p288,vctk-0.92,8,INT,6.0,4.778211733072408,0.7629296442203474
vctk-0.92:p288,vctk-0.92,8,INT,12.0,3.76205933271815,0.7554815723441058
vctk-0.92:p288,vctk-0.92,8,INT,30.0,4.0939233478967685,0.75527133268973
vctk-0.92:p288,vctk-0.92,8,INT,60.0,3.911333820434988,0.754143338168067
vctk-0.92:p288,vctk-0.92,8,INT,90.0,3.7473586630081996,0.7571140643052678
vctk-0.92:p288,vctk-0.92,9,INT,6.0,-0.5850073901117522,0.8191303840138016
vctk-0.92:p288,vctk-0.92,9,INT,12.0,-1.101609160014094,0.8207129619729879
vctk-0.92:p288,vctk-0.92,9,INT,30.0,-1.2604624614241364,0.8180092119085561
vctk-0.92:p288,vctk-0.92,9,INT,60.0,-1.1912899484221167,0.8179976660592604
vctk-0.92:p288,vctk-0.92,9,INT,90.0,-1.215593947843993,0.8188182252170279
vctk-0.92:p288,vctk-0.92,10,INTN,6.0,-3.772667330869343,0.7773609953653761
vctk-0.92:p288,vctk-0.92,10,INTN,12.0,-3.0281178232135217,0.7936379326662361
vctk-0.92:p288,vctk-0.92,10,INTN,30.0,-2.7975799019396494,0.7975595862574846
vctk-0.92:p288,vctk-0.92,10,INTN,60.0,-2.913450494472443,0.793799484278041
vctk-0.92:p288,vctk-0.92,10,INTN,90.0,-2.729471139405818,0.7970664675065876
vctk-0.92:p288,vctk-0.92,11,INTN,6.0,3.524436999994348,0.7971178482785044
vctk-0.92:p288,vctk-0.92,11,INTN,12.0,3.468300882596233,0.7985489567521166
vctk-0.92:p288,vctk-0.92,11,INTN,30.0,3.43175444914727,0.7996583493606786
vctk-0.92:p288,vctk-0.92,11,INTN,60.0,3.4311234695523,0.7993091049939344
vctk-0.92:p288,vctk-0.92,11,INTN,90.0,3.4021745123622877,0.8001167468392185
vctk-0.92:p288,vctk-0.92,12,INTN,6.0,-5.838180394916612,0.6601648173169635
vctk-0.92:p288,vctk-0.92,12,INTN,12.0,-5.204194422800311,0.6897177999795027
vctk-0.92:p288,vctk-0.92,12,INTN,30.0,-5.0912148732217295,0.7017385406509883
vctk-0.92:p288,vctk-0.92,12,INTN,60.0,-5.216792032995829,0.6960600030406585
vctk-0.92:p288,vctk-0.92,12,INTN,90.0,-4.977280506118292,0.7051580902026898
vctk-0.92:p288,vctk-0.92,13,INTN,6.0,-5.243079677958164,0.6607335162027083
vctk-0.92:p288,vctk-0.92,13,INTN,12.0,-4.683724545918852,0.6707291896506687
vctk-0.92:p288,vctk-0.92,13,INTN,30.0,-4.912333397507845,0.6681930224586567
vctk-0.92:p288,vctk-0.92,13,INTN,60.0,-4.858150894121712,0.6686442031996244
vctk-0.92:p288,vctk-0.92,13,INTN,90.0,-4.788812585710775,0.6705435893632611
vctk-0.92:p288,vctk-0.92,14,INTN,6.0,1.1908195944120228,0.8857675390913214
vctk-0.92:p288,vctk-0.92,14,INTN,12.0,1.1557740019069718,0.8851894519955681
vctk-0.92:p288,vctk-0.92,14,INTN,30.0,1.1822601496146248,0.8852027117854813
vctk-0.92:p288,vctk-0.92,14,INTN,60.0,1.162671026092542,0.8852246620303056
vctk-0.92:p288,vctk-0.92,14,INTN,90.0,1.1548264640425538,0.8851978069825911
vctk-0.92:p288,vctk-0.92,15,INTN,6.0,1.286180644625322,0.8163262873636379
vctk-0.92:p288,vctk-0.92,15,INTN,12.0,1.2823830364227664,0.8162387019151328
vctk-0.92:p288,vctk-0.92,15,INTN,30.0,1.3119922532357222,0.8168000420812245
vctk-0.92:p288,vctk-0.92,15,INTN,60.0,1.3033876725876297,0.8167851638091018
vctk-0.92:p288,vctk-0.92,15,INTN,90.0,1.3156822920451023,0.8169784815442394
vctk-0.92:p288,vctk-0.92,16,INTN,6.0,1.4307598834362538,0.7259664051630663
vctk-0.92:p288,vctk-0.92,16,INTN,12.0,1.4049132443452903,0.725823763054804
vctk-0.92:p288,vctk-0.92,16,INTN,30.0,1.4236377613677191,0.7260853229307997
vctk-0.92:p288,vctk-0.92,16,INTN,60.0,1.412220450207185,0.7255969382722808
vctk-0.92:p288,vctk-0.92,16,INTN,90.0,1.4144970988515198,0.7257447461341129
vctk-0.92:p288,vctk-0.92,17,INTN,6.0,1.5037427470291984,0.752698683642779
vctk-0.92:p288,vctk-0.92,17,INTN,12.0,1.4461123843777344,0.7548524522817709
vctk-0.92:p288,vctk-0.92,17,INTN,30.0,1.4650188989034605,0.7532229408484113
vctk-0.92:p288,vctk-0.92,17,INTN,60.0,1.4597160867414483,0.7537449812620322
vctk-0.92:p288,vctk-0.92,17,INTN,90.0,1.451455594381433,0.7536225441181074
vctk-0.92:p288,vctk-0.92,18,NOISE,6.0,19.23822147833734,0.7978721454089378
vctk-0.92:p288,vctk-0.92,18,NOISE,12.0,19.22742745129948,0.7976918594833284
vctk-0.92:p288,vctk-0.92,18,NOISE,30.0,19.299568074909775,0.7978781096747349
vctk-0.92:p288,vctk-0.92,18,NOISE,60.0,19.215701753293928,0.7978223700542891
vctk-0.92:p288,vctk-0.92,18,NOISE,90.0,19.23881925625405,0.7980318922945986
vctk-0.92:p288,vctk-0.92,19,NOISE,6.0,12.6724252516911,0.8540971104270619
vctk-0.92:p288,vctk-0.92,19,NOISE,12.0,12.695686976494278,0.8575129848249182
vctk-0.92:p288,vctk-0.92,19,NOISE,30.0,12.615354716781944,0.8564116635978781
vctk-0.92:p288,vctk-0.92,19,NOISE,60.0,12.720590893523399,0.8592582070895105
vctk-0.92:p288,vctk-0.92,19,NOISE,90.0,12.616273469563149,0.8582987458256692
vctk-0.92:p288,vctk-0.92,20,NOISE,6.0,11.079194716217794,0.9122770583095883
vctk-0.92:p288,vctk-0.92,20,NOISE,12.0,11.219100669505158,0.9131002053764292
vctk-0.92:p288,vctk-0.92,20,NOISE,30.0,11.175583747155622,0.9138509689623939
vctk-0.92:p288,vctk-0.92,20,NOISE,60.0,11.191569578695015,0.9132845039437357
vctk-0.92:p288,vctk-0.92,20,NOISE,90.0,11.168171758391106,0.9136220426312002
vctk-0.92:p288,vctk-0.92,21,NOISE,6.0,23.335721401659928,0.9819078369588311
vctk-0.92:p288,vctk-0.92,21,NOISE,12.0,24.16328389270411,0.9828228086250522
vctk-0.92:p288,vctk-0.92,21,NOISE,30.0,24.426907776940578,0.9830183903235635
vctk-0.92:p288,vctk-0.92,21,NOISE,60.0,24.367705407035157,0.9832486934603614
vctk-0.92:p288,vctk-0.92,21,NOISE,90.0,24.46387547623839,0.9832070670630874
vctk-0.92:p288,vctk-0.92,22,NOISE,6.0,9.587310018635085,0.8899613179560871
vctk-0.92:p288,vctk-0.92,22,NOISE,12.0,9.607606555452683,0.8886868737441124
vctk-0.92:p288,vctk-0.92,22,NOISE,30.0,9.606297622441245,0.8887999079367653
vctk-0.92:p288,vctk-0.92,22,NOISE,60.0,9.606009025436924,0.8905621535007652
vctk-0.92:p288,vctk-0.92,22,NOISE,90.0,9.608196096538295,0.8909881640010732
vctk-0.92:p288,vctk-0.92,23,NOISE,6.0,6.39528450356491,0.9939038399686394
vctk-0.92:p288,vctk-0.92,23,NOISE,12.0,6.2329933865306275,0.9942037206509434
vctk-0.92:p288,vctk-0.92,23,NOISE,30.0,6.380554802689486,0.9941289829038363
vctk-0.92:p288,vctk-0.92,23,NOISE,60.0,6.204167972519255,0.9940995236238347
vctk-0.92:p288,vctk-0.92,23,NOISE,90.0,6.252040422433197,0.9941728343109258
vctk-0.92:p299,vctk-0.92,0,INT,6.0,2.082973808417521,0.8380160694875762
vctk-0.92:p299,vctk-0.92,0,INT,12.0,1.6174683519720972,0.8216007076822095
vctk-0.92:p299,vctk-0.92,0,INT,30.0,1.751150379602799,0.8214257834303478
vctk-0.92:p299,vctk-0.92,0,INT,60.0,2.510272589176056,0.8361684429655806
vctk-0.92:p299,vctk-0.92,0,INT,90.0,3.0769787906486616,0.8474099990336882
vctk-0.92:p299,vctk-0.92,1,INT,6.0,-0.5450588131559627,0.7359143899035784
vctk-0.92:p299,vctk-0.92,1,INT,12.0,-0.5806395355345945,0.740037065260343
vctk-0.92:p299,vctk-0.92,1,INT,30.0,-0.5427305132005956,0.7372512354664814
vctk-0.92:p299,vctk-0.92,1,INT,60.0,-0.09746755944203782,0.7407666836214526
vctk-0.92:p299,vctk-0.92,1,INT,90.0,-0.4705204732467961,0.7346192133358586
vctk-0.92:p299,vctk-0.92,2,INT,6.0,1.6036970194634004,0.721165135670352
vctk-0.92:p299,vctk-0.92,2,INT,12.0,1.5677879433026891,0.7215488687512562
vctk-0.92:p299,vctk-0.92,2,INT,30.0,1.5675622667342737,0.7233217362643768
vctk-0.92:p299,vctk-0.92,2,INT,60.0,1.6304356437802434,0.723609318746806
vctk-0.92:p299,vctk-0.92,2,INT,90.0,1.6722639620358029,0.7230524717971688
vctk-0.92:p299,vctk-0.92,3,INT,6.0,-0.12442037548011171,0.8183228049896586
vctk-0.92:p299,vctk-0.92,3,INT,12.0,-0.19453248810901558,0.8161303785246422
vctk-0.92:p299,vctk-0.92,3,INT,30.0,0.08231951829652555,0.8216960289574392
vctk-0.92:p299,vctk-0.92,3,INT,60.0,0.5794747507688495,0.822880771758382
vctk-0.92:p299,vctk-0.92,3,INT,90.0,0.7191065870775617,0.8229601596845665
vctk-0.92:p299,vctk-0.92,4,INT,6.0,0.5884603001644602,0.8789930420288479
vctk-0.92:p299,vctk-0.92,4,INT,12.0,0.543753900038708,0.8766246513350647
vctk-0.92:p299,vctk-0.92,4,INT,30.0,0.35998105032501776,0.8762693723893714
vctk-0.92:p299,vctk-0.92,4,INT,60.0,0.5070250758235455,0.8771194920181511
vctk-0.92:p299,vctk-0.92,4,INT,90.0,0.5432684169836156,0.8777207658438186
vctk-0.92:p299,vctk-0.92,5,INT,6.0,-1.0540760565635456,0.8593319425175783
vctk-0.92:p299,vctk-0.92,5,INT,12.0,-1.0287465357119376,0.8618963641433545
vctk-0.92:p299,vctk-0.92,5,INT,30.0,-0.9979059280445961,0.8639986084231698
vctk-0.92:p299,vctk-0.92,5,INT,60.0,-0.8494206873710546,0.8641313572676402
vctk-0.92:p299,vctk-0.92,5,INT,90.0,-0.8937453399318658,0.8637477194420432
vctk-0.92:p299,vctk-0.92,6,INT,6.0,1.0112858394815554,0.9203668518543958
vctk-0.92:p299,vctk-0.92,6,INT,12.0,1.0894855893224291,0.930368001013126
vctk-0.92:p299,vctk-0.92,6,INT,30.0,1.1798218002370628,0.9316013576435127
vctk-0.92:p299,vctk-0.92,6,INT,60.0,1.4261118007050433,0.9277765292388032
vctk-0.92:p299,vctk-0.92,6,INT,90.0,1.5216353086817425,0.926308475739627
vctk-0.92:p299,vctk-0.92,7,INT,6.0,2.214886718015229,0.6560987207122033
vctk-0.92:p299,vctk-0.92,7,INT,12.0,2.2329060492948,0.6557194109591016
vctk-0.92:p299,vctk-0.92,7,INT,30.0,2.1008511168086006,0.6531016326072393
vctk-0.92:p299,vctk-0.92,7,INT,60.0,1.8494671219144532,0.6513031418505242
vctk-0.92:p299,vctk-0.92,7,INT,90.0,1.9857509386685293,0.6531017494765706
vctk-0.92:p299,vctk-0.92,8,INT,6.0,0.054931292572650094,0.8130672770888773
vctk-0.92:p299,vctk-0.92,8,INT,12.0,0.014174537581890958,0.8070549334168181
vctk-0.92:p299,vctk-0.92,8,INT,30.0,-0.23226858341595122,0.8059687531066194
vctk-0.92:p299,vctk-0.92,8,INT,60.0,-0.3174804955358539,0.8059345087508945
vctk-0.92:p299,vctk-0.92,8,INT,90.0,-0.27037642393017397,0.8042334682347653
vctk-0.92:p299,vctk-0.92,9,INT,6.0,0.03775726256234432,0.7754272673211227
vctk-0.92:p299,vctk-0.92,9,INT,12.0,0.03956703307424606,0.7761085329269694
vctk-0.92:p299,vctk-0.92,9,INT,30.0,-0.031233875336863403,0.7758646456714872
vctk-0.92:p299,vctk-0.92,9,INT,60.0,-0.2398249140795761,0.7740574290006103
vctk-0.92:p299,vctk-0.92,9,INT,90.0,-0.17691158887562017,0.7749384851144655
vctk-0.92:p299,vctk-0.92,10,INTN,6.0,-1.0502478538958115,0.7842648696959408
vctk-0.92:p299,vctk-0.92,10,INTN,12.0,-1.1568267744880207,0.7816986816212411
vctk-0.92:p299,vctk-0.92,10,INTN,30.0,-1.2251203231256171,0.7804733518336388
vctk-0.92:p299,vctk-0.92,10,INTN,60.0,-1.3325252367328986,0.7814840135250685
vctk-0.92:p299,vctk-0.92,10,INTN,90.0,-1.2553722048321774,0.7835402730168081
vctk-0.92:p299,vctk-0.92,11,INTN,6.0,1.192937567220244,0.7643106790367934
vctk-0.92:p299,vctk-0.92,11,INTN,12.0,1.1815557813999507,0.76964127077266
vctk-0.92:p299,vctk-0.92,11,INTN,30.0,1.4087240943945254,0.7688176880021512
vctk-0.92:p299,vctk-0.92,11,INTN,60.0,1.6260454065626035,0.770774354534093
vctk-0.92:p299,vctk-0.92,11,INTN,90.0,1.7279180950633528,0.7696865695740117
vctk-0.92:p299,vctk-0.92,12,INTN,6.0,5.284610277462355,0.7426674132757456
vctk-0.92:p299,vctk-0.92,12,INTN,12.0,5.069333089754788,0.7386127152299294
vctk-0.92:p299,vctk-0.92,12,INTN,30.0,5.459532315762999,0.7295269965715702
vctk-0.92:p299,vctk-0.92,12,INTN,60.0,5.650053593120657,0.731908720790759
vctk-0.92:p299,vctk-0.92,12,INTN,90.0,5.757208236885063,0.7324353750224394
vctk-0.92:p299,vctk-0.92,13,INTN,6.0,-4.491197897346267,0.7520333977164851
vctk-0.92:p299,vctk-0.92,13,INTN,12.0,-4.602948308863399,0.7500255725624014
vctk-0.92:p299,vctk-0.92,13,INTN,30.0,-4.854154155141987,0.747772917320431
vctk-0.92:p299,vctk-0.92,13,INTN,60.0,-4.967805481136197,0.7426102671519357
vctk-0.92:p299,vctk-0.92,13,INTN,90.0,-4.98647395962404,0.7445859384620448
vctk-0.92:p299,vctk-0.92,14,INTN,6.0,1.7839427991263388,0.8939027250787676
vctk-0.92:p299,vctk-0.92,14,INTN,12.0,1.6513203474963671,0.8918507209482772
vctk-0.92:p299,vctk-0.92,14,INTN,30.0,1.5451948982922763,0.8908140454838195
vctk-0.92:p299,vctk-0.92,14,INTN,60.0,1.610417475334792,0.8919130088497008
vctk-0.92:p299,vctk-0.92,14,INTN,90.0,1.6534922497648656,0.8930275759000047
vctk-0.92:p299,vctk-0.92,15,INTN,6.0,2.6279304348115984,0.6972249164701371
vctk-0.92:p299,vctk-0.92,15,INTN,12.0,2.3459104369796466,0.6797696708720485
vctk-0.92:p299,vctk-0.92,15,INTN,30.0,2.4115993860375595,0.6797374814801027
vctk-0.92:p299,vctk-0.92,15,INTN,60.0,2.5880377862110246,0.6886829829378982
vctk-0.92:p299,vctk-0.92,15,INTN,90.0,2.6938857397793528,0.6914245353175676
vctk-0.92:p299,vctk-0.92,16,INTN,6.0,-0.9387528404130131,0.8733092858749943
vctk-0.92:p299,vctk-0.92,16,INTN,12.0,-0.9648205668451894,0.8729681232833685
vctk-0.92:p299,vctk-0.92,16,INTN,30.0,-1.1020130682715383,0.8708045000067579
vctk-0.92:p299,vctk-0.92,16,INTN,60.0,-1.282233902632018,0.8672161291227901
vctk-0.92:p299,vctk-0.92,16,INTN,90.0,-1.4141703274169182,0.8627208303912216
vctk-0.92:p299,vctk-0.92,17,INTN,6.0,2.178234048959481,0.9176632300963736
vctk-0.92:p299,vctk-0.92,17,INTN,12.0,2.160052214398746,0.9179147941405644
vctk-0.92:p299,vctk-0.92,17,INTN,30.0,2.2010787885833305,0.9194316048153003
vctk-0.92:p299,vctk-0.92,17,INTN,60.0,2.3376541905844355,0.9212972104643685
vctk-0.92:p299,vctk-0.92,17,INTN,90.0,2.4056253831460377,0.9222919164405673
vctk-0.92:p299,vctk-0.92,18,NOISE,6.0,5.359985431915789,0.8507851375427001
vctk-0.92:p299,vctk-0.92,18,NOISE,12.0,5.049869201536898,0.8498654080638044
vctk-0.92:p299,vctk-0.92,18,NOISE,30.0,4.739389085143862,0.8468358946747211
vctk-0.92:p299,vctk-0.92,18,NOISE,60.0,4.205021478191188,0.8422615735060717
vctk-0.92:p299,vctk-0.92,18,NOISE,90.0,4.239056732859176,0.8432015081393437
vctk-0.92:p299,vctk-0.92,19,NOISE,6.0,8.73561939902127,0.7745538897674352
vctk-0.92:p299,vctk-0.92,19,NOISE,12.0,8.803049025314143,0.7737848087108942
vctk-0.92:p299,vctk-0.92,19,NOISE,30.0,8.71208185201976,0.773317059187922
vctk-0.92:p299,vctk-0.92,19,NOISE,60.0,8.75743463823868,0.7730515071179288
vctk-0.92:p299,vctk-0.92,19,NOISE,90.0,8.820626314109672,0.7743689978638738
vctk-0.92:p299,vctk-0.92,20,NOISE,6.0,3.88439845973172,0.8007708749443744
vctk-0.92:p299,vctk-0.92,20,NOISE,12.0,3.962975078287926,0.8043507578089618
vctk-0.92:p299,vctk-0.92,20,NOISE,30.0,3.831059288103241,0.8016947165838303
vctk-0.92:p299,vctk-0.92,20,NOISE,60.0,3.5871354168090153,0.7996221397022764
vctk-0.92:p299,vctk-0.92,20,NOISE,90.0,3.6072880851697313,0.8008809234590893
vctk-0.92:p299,vctk-0.92,21,NOISE,6.0,13.596854177388655,0.9350454146795398
vctk-0.92:p299,vctk-0.92,21,NOISE,12.0,13.547121176587504,0.933511891287156
vctk-0.92:p299,vctk-0.92,21,NOISE,30.0,13.489108303856005,0.9315910222255349
vctk-0.92:p299,vctk-0.92,21,NOISE,60.0,13.487177733515722,0.9320598314242563
vctk-0.92:p299,vctk-0.92,21,NOISE,90.0,13.473651208556644,0.9320960653643487
vctk-0.92:p299,vctk-0.92,22,NOISE,6.0,5.51408980464594,0.8883449926626175
vctk-0.92:p299,vctk-0.92,22,NOISE,12.0,5.431390150954347,0.8872619062222991
vctk-0.92:p299,vctk-0.92,22,NOISE,30.0,5.311422517599479,0.88665234972
vctk-0.92:p299,vctk-0.92,22,NOISE,60.0,5.325217327923176,0.887123039417303
vctk-0.92:p299,vctk-0.92,22,NOISE,90.0,5.3071283600556995,0.8861161425223658
vctk-0.92:p299,vctk-0.92,23,NOISE,6.0,13.692270572065818,0.9921429361829733
vctk-0.92:p299,vctk-0.92,23,NOISE,12.0,13.808734597975787,0.9922256616888093
vctk-0.92:p299,vctk-0.92,23,NOISE,30.0,13.480790787104958,0.9924568700488844
vctk-0.92:p299,vctk-0.92,23,NOISE,60.0,12.966733472294516,0.9920721170705424
vctk-0.92:p299,vctk-0.92,23,NOISE,90.0,12.84371189585868,0.9922773927100618
vctk-0.92:p302,vctk-0.92,0,INT,6.0,-2.7652172906805483,0.5740475396027059
vctk-0.92:p302,vctk-0.92,0,INT,12.0,-2.7045876759021823,0.5792719411421102
vctk-0.92:p302,vctk-0.92,0,INT,30.0,-2.5994174050495413,0.5828302355774578
vctk-0.92:p302,vctk-0.92,0,INT,60.0,-2.537142112746953,0.5846619807555272
vctk-0.92:p302,vctk-0.92,0,INT,90.0,-2.542087539734766,0.5849894933546392
vctk-0.92:p302,vctk-0.92,1,INT,6.0,0.12736710447917368,0.5546350060307687
vctk-0.92:p302,vctk-0.92,1,INT,12.0,-0.07037008569228893,0.5530306140520568
vctk-0.92:p302,vctk-0.92,1,INT,30.0,-0.014270775235263702,0.5542190481960715
vctk-0.92:p302,vctk-0.92,1,INT,60.0,-0.06915736885151756,0.5531418450932577
vctk-0.92:p302,vctk-0.92,1,INT,90.0,-0.0340243915347018,0.5534009439395895
vctk-0.92:p302,vctk-0.92,2,INT,6.0,-3.6447445143251307,0.46900100015504803
vctk-0.92:p302,vctk-0.92,2,INT,12.0,-3.47698619600661,0.4753174754502311
vctk-0.92:p302,vctk-0.92,2,INT,30.0,-3.26711947725556,0.4781908340119603
vctk-0.92:p302,vctk-0.92,2,INT,60.0,-3.387265271167903,0.4760090914825874
vctk-0.92:p302,vctk-0.92,2,INT,90.0,-3.2485278888712403,0.4779312237924915
vctk-0.92:p302,vctk-0.92,3,INT,6.0,-1.7922310080415595,0.6626714699513032
vctk-0.92:p302,vctk-0.92,3,INT,12.0,-1.3950592109841897,0.6826464238436171
vctk-0.92:p302,vctk-0.92,3,INT,30.0,-1.680186609230051,0.6741602225003701
vctk-0.92:p302,vctk-0.92,3,INT,60.0,-1.4079399100358116,0.6859424580403569
vctk-0.92:p302,vctk-0.92,3,INT,90.0,-1.5028763752955292,0.6813524205432134
vctk-0.92:p302,vctk-0.92,4,INT,6.0,0.06353449855040283,0.574061778155338
vctk-0.92:p302,vctk-0.92,4,INT,12.0,0.038972305970012604,0.5729843052466959
vctk-0.92:p302,vctk-0.92,4,INT,30.0,0.03299164071180407,0.572888321131229
vctk-0.92:p302,vctk-0.92,4,INT,60.0,0.0336066185058155,0.5728677754149509
vctk-0.92:p302,vctk-0.92,4,INT,90.0,0.03461471745656106,0.5728722602105513
vctk-0.92:p302,vctk-0.92,5,INT,6.0,-1.5845038914677445,0.7059850804567304
vctk-0.92:p302,vctk-0.92,5,INT,12.0,-1.3093400224620722,0.7138492732895374
vctk-0.92:p302,vctk-0.92,5,INT,30.0,-1.1638171428344861,0.718208595634644
vctk-0.92:p302,vctk-0.92,5,INT,60.0,-1.2361184203916749,0.7159609946697464
vctk-0.92:p302,vctk-0.92,5,INT,90.0,-1.109740020742388,0.7174318678705064
vctk-0.92:p302,vctk-0.92,6,INT,6.0,-2.625826298965469,0.6093732253977292
vctk-0.92:p302,vctk-0.92,6,INT,12.0,-2.619199032129284,0.6087237906051274
vctk-0.92:p302,vctk-0.92,6,INT,30.0,-2.692783599494136,0.6068732681232628
vctk-0.92:p302,vctk-0.92,6,INT,60.0,-2.6901157935256674,0.6064481949987277
vctk-0.92:p302,vctk-0.92,6,INT,90.0,-2.757662861892051,0.6054990215986101
vctk-0.92:p302,vctk-0.92,7,INT,6.0,-1.1570294189332568,0.5602489862094103
vctk-0.92:p302,vctk-0.92,7,INT,12.0,-1.0012446171791678,0.562539244341273
vctk-0.92:p302,vctk-0.92,7,INT,30.0,-1.054191306397273,0.5623039392468767
vctk-0.92:p302,vctk-0.92,7,INT,60.0,-1.0427070341896878,0.5600064881547753
vctk-0.92:p302,vctk-0.92,7,INT,90.0,-1.0687096646002603,0.5593832692373476
vctk-0.92:p302,vctk-0.92,8,INT,6.0,0.043075599021393636,0.8054996544198106
vctk-0.92:p302,vctk-0.92,8,INT,12.0,0.1140760828430857,0.8065929614681862
vctk-0.92:p302,vctk-0.92,8,INT,30.0,0.14741089603568483,0.8066939582646616
vctk-0.92:p302,vctk-0.92,8,INT,60.0,0.1553707074413548,0.8066093656275868
vctk-0.92:p302,vctk-0.92,8,INT,90.0,0.13814233088655062,0.8065066577187493
vctk-0.92:p302,vctk-0.92,9,INT,6.0,0.17184519814910923,0.6232267454775812
vctk-0.92:p302,vctk-0.92,9,INT,12.0,0.20146763802953263,0.6263051849233895
vctk-0.92:p302,vctk-0.92,9,INT,30.0,0.19615356860581465,0.6265663955422699
vctk-0.92:p302,vctk-0.92,9,INT,60.0,0.18322731826136288,0.6267406603994208
vctk-0.92:p302,vctk-0.92,9,INT,90.0,0.18973605515699943,0.6266654645407157
vctk-0.92:p302,vctk-0.92,10,INTN,6.0,-0.7586774950877433,0.5201045512826861
vctk-0.92:p302,vctk-0.92,10,INTN,12.0,-0.824673555177888,0.5219020810073757
vctk-0.92:p302,vctk-0.92,10,INTN,30.0,-0.8435281794810128,0.5217249606297578
vctk-0.92:p302,vctk-0.92,10,INTN,60.0,-0.820625904369883,0.5223226328784186
vctk-0.92:p302,vctk-0.92,10,INTN,90.0,-0.819353784671328,0.52164596844478
vctk-0.92:p302,vctk-0.92,11,INTN,6.0,-0.8076522645142458,0.4192457103088137
vctk-0.92:p302,vctk-0.92,11,INTN,12.0,-0.6492864280838676,0.42190789570083287
vctk-0.92:p302,vctk-0.92,11,INTN,30.0,-0.6453524406679144,0.4233633230719153
vctk-0.92:p302,vctk-0.92,11,INTN,60.0,-0.6218572545817481,0.4231856617350818
vctk-0.92:p302,vctk-0.92,11,INTN,90.0,-0.6566828768170868,0.4236470672186016
vctk-0.92:p302,vctk-0.92,12,INTN,6.0,-0.47614573635746127,0.521402097794004
vctk-0.92:p302,vctk-0.92,12,INTN,12.0,-0.5756863695235378,0.5164861561781982
vctk-0.92:p302,vctk-0.92,12,INTN,30.0,-0.523054765683367,0.5178569500670597
vctk-0.92:p302,vctk-0.92,12,INTN,60.0,-0.539648583181788,0.5172371558059624
vctk-0.92:p302,vctk-0.92,12,INTN,90.0,-0.5426271322695452,0.5176898590107523
vctk-0.92:p302,vctk-0.92,13,INTN,6.0,1.8835156850615633,0.546623513133116
vctk-0.92:p302,vctk-0.92,13,INTN,12.0,1.8569407782817116,0.5472224271924481
vctk-0.92:p302,vctk-0.92,13,INTN,30.0,1.8785417588706173,0.5477329070269694
vctk-0.92:p302,vctk-0.92,13,INTN,60.0,1.871552617824874,0.5478491658907174
vctk-0.92:p302,vctk-0.92,13,INTN,90.0,1.8729698238416683,0.5474654778250098
vctk-0.92:p302,vctk-0.92,14,INTN,6.0,2.3907734469204325,0.7347411671963823
vctk-0.92:p302,vctk-0.92,14,INTN,12.0,2.4432315686582893,0.7336242173755668
vctk-0.92:p302,vctk-0.92,14,INTN,30.0,2.3480578397182277,0.7310166321464221
vctk-0.92:p302,vctk-0.92,14,INTN,60.0,2.3754302580905953,0.7307674152020729
vctk-0.92:p302,vctk-0.92,14,INTN,90.0,2.3106155386752314,0.7294438732678672
vctk-0.92:p302,vctk-0.92,15,INTN,6.0,-1.2355931525197035,0.6605200035196407
vctk-0.92:p302,vctk-0.92,15,INTN,12.0,-1.190227036287473,0.6607860914122513
vctk-0.92:p302,vctk-0.92,15,INTN,30.0,-1.2029933823374777,0.6610410717028254
vctk-0.92:p302,vctk-0.92,15,INTN,60.0,-1.1927255016283655,0.6610123882857118
vctk-0.92:p302,vctk-0.92,15,INTN,90.0,-1.160865452685411,0.6613806849619949
vctk-0.92:p302,vctk-0.92,16,INTN,6.0,1.4264361061407749,0.467893834975754
vctk-0.92:p302,vctk-0.92,16,INTN,12.0,1.601087172891963,0.47117863546571187
vctk-0.92:p302,vctk-0.92,16,INTN,30.0,1.5208810875428274,0.469737538274827
vctk-0.92:p302,vctk-0.92,16,INTN,60.0,1.544329927120372,0.4701920070407321
vctk-0.92:p302,vctk-0.92,16,INTN,90.0,1.473616758455564,0.46882192998238176
vctk-0.92:p302,vctk-0.92,17,INTN,6.0,3.1776489020934506,0.5537289601430168
vctk-0.92:p302,vctk-0.92,17,INTN,12.0,3.080833478351392,0.5539517782612552
vctk-0.92:p302,vctk-0.92,17,INTN,30.0,3.0549481702299275,0.5580671055756362
vctk-0.92:p302,vctk-0.92,17,INTN,60.0,3.0618398697942375,0.5585556136586775
vctk-0.92:p302,vctk-0.92,17,INTN,90.0,3.0730807148252093,0.5542693394003132
vctk-0.92:p302,vctk-0.92,18,NOISE,6.0,17.622215160917644,0.8625238367848196
vctk-0.92:p302,vctk-0.92,18,NOISE,12.0,17.606674656705152,0.8626460207025097
vctk-0.92:p302,vctk-0.92,18,NOISE,30.0,17.618264040092527,0.8638301045692233
vctk-0.92:p302,vctk-0.92,18,NOISE,60.0,17.62388572840631,0.8635148586560587
vctk-0.92:p302,vctk-0.92,18,NOISE,90.0,17.619719559094715,0.8643629631454494
vctk-0.92:p302,vctk-0.92,19,NOISE,6.0,8.315138514669542,0.7443743132723014
vctk-0.92:p302,vctk-0.92,19,NOISE,12.0,8.33825099606591,0.7446920679211319
vctk-0.92:p302,vctk-0.92,19,NOISE,30.0,8.345174116535869,0.7462322333445032
vctk-0.92:p302,vctk-0.92,19,NOISE,60.0,8.343902546585577,0.7460596410229998
vctk-0.92:p302,vctk-0.92,19,NOISE,90.0,8.353579549785279,0.7457801683478346
vctk-0.92:p302,vctk-0.92,20,NOISE,6.0,5.83290750832541,0.5698539975884752
vctk-0.92:p302,vctk-0.92,20,NOISE,12.0,5.823071659216642,0.567725892195874
vctk-0.92:p302,vctk-0.92,20,NOISE,30.0,5.804959987626476,0.5659851144694711
vctk-0.92:p302,vctk-0.92,20,NOISE,60.0,5.85273618637148,0.5673621120976823
vctk-0.92:p302,vctk-0.92,20,NOISE,90.0,5.858244734662591,0.5652665577291089
vctk-0.92:p302,vctk-0.92,21,NOISE,6.0,11.28316606663445,0.6553112649654667
vctk-0.92:p302,vctk-0.92,21,NOISE,12.0,11.169569062524616,0.6554752321310544
vctk-0.92:p302,vctk-0.92,21,NOISE,30.0,11.190420138311984,0.6568396956070974
vctk-0.92:p302,vctk-0.92,21,NOISE,60.0,11.192512540725652,0.6568136136948318
vctk-0.92:p302,vctk-0.92,21,NOISE,90.0,11.14862107933986,0.6555735534183107
vctk-0.92:p302,vctk-0.92,22,NOISE,6.0,14.072189882157852,0.9085942131055947
vctk-0.92:p302,vctk-0.92,22,NOISE,12.0,14.230603807503499,0.8817112107428171
vctk-0.92:p302,vctk-0.92,22,NOISE,30.0,14.277604521438777,0.884237089269483
vctk-0.92:p302,vctk-0.92,22,NOISE,60.0,14.291242658973152,0.8822809071357175
vctk-0.92:p302,vctk-0.92,22,NOISE,90.0,14.27899984592352,0.8856401010523745
vctk-0.92:p302,vctk-0.92,23,NOISE,6.0,6.554720575254019,0.6848361944307634
vctk-0.92:p302,vctk-0.92,23,NOISE,12.0,6.632081983330896,0.6827786760393284
vctk-0.92:p302,vctk-0.92,23,NOISE,30.0,6.644179496565634,0.6854558354946994
vctk-0.92:p302,vctk-0.92,23,NOISE,60.0,6.645626671887995,0.6840438491256119
vctk-0.92:p302,vctk-0.92,23,NOISE,90.0,6.650933641595169,0.6854010212306502
vctk-0.92:p329,vctk-0.92,0,INT,6.0,-8.57862245432087,0.6848062150655356
vctk-0.92:p329,vctk-0.92,0,INT,12.0,0.41843395812930123,0.8952720291796238
vctk-0.92:p329,vctk-0.92,0,INT,30.0,-0.07125372111359092,0.9094054163819667
vctk-0.92:p329,vctk-0.92,0,INT,60.0,1.1027882923743941,0.9126409781681181
vctk-0.92:p329,vctk-0.92,0,INT,90.0,0.5151285123274371,0.9177027599197478
vctk-0.92:p329,vctk-0.92,1,INT,6.0,-7.582405680178148,0.6575021762578659
vctk-0.92:p329,vctk-0.92,1,INT,12.0,-0.6319137816620176,0.7430170988163676
vctk-0.92:p329,vctk-0.92,1,INT,30.0,-0.482539263309447,0.7436786623077515
vctk-0.92:p329,vctk-0.92,1,INT,60.0,-0.6799302228991593,0.7434002061551218
vctk-0.92:p329,vctk-0.92,1,INT,90.0,-0.49001199559378245,0.7448145482665066
vctk-0.92:p329,vctk-0.92,2,INT,6.0,-1.4720955119574617,0.5732953789752698
vctk-0.92:p329,vctk-0.92,2,INT,12.0,-0.01965605273906042,0.6122034245706439
vctk-0.92:p329,vctk-0.92,2,INT,30.0,-0.33116234855071697,0.6120016445130805
vctk-0.92:p329,vctk-0.92,2,INT,60.0,-0.5839520742327157,0.6080243539855704
vctk-0.92:p329,vctk-0.92,2,INT,90.0,-0.6990680284560339,0.6100187983485447
vctk-0.92:p329,vctk-0.92,3,INT,6.0,-7.979363016880973,0.5808008015356471
vctk-0.92:p329,vctk-0.92,3,INT,12.0,-6.745472691150894,0.6146182645838993
vctk-0.92:p329,vctk-0.92,3,INT,30.0,-6.401151607340196,0.6210787584558686
vctk-0.92:p329,vctk-0.92,3,INT,60.0,-6.220497782747458,0.6209207284165141
vctk-0.92:p329,vctk-0.92,3,INT,90.0,-6.044916772572756,0.6247496869538496
vctk-0.92:p329,vctk-0.92,4,INT,6.0,-8.573921970915293,0.45661136926452084
vctk-0.92:p329,vctk-0.92,4,INT,12.0,-0.12008065182520156,0.5858108296127886
vctk-0.92:p329,vctk-0.92,4,INT,30.0,-0.09487463381797157,0.585954142702637
vctk-0.92:p329,vctk-0.92,4,INT,60.0,-0.23269696220087824,0.5841486225362186
vctk-0.92:p329,vctk-0.92,4,INT,90.0,-0.11981717258482583,0.5853342123991981
vctk-0.92:p329,vctk-0.92,5,INT,6.0,0.31366882534740365,0.5797525274567618
vctk-0.92:p329,vctk-0.92,5,INT,12.0,-1.15110982825297,0.6090450361090732
vctk-0.92:p329,vctk-0.92,5,INT,30.0,-1.0699735918677649,0.6114106959067781
vctk-0.92:p329,vctk-0.92,5,INT,60.0,-0.9819288993411942,0.6126137133493458
vctk-0.92:p329,vctk-0.92,5,INT,90.0,-0.9417250597824626,0.6138331328198866
vctk-0.92:p329,vctk-0.92,6,INT,6.0,-2.325763487163463,0.6241350880330215
vctk-0.92:p329,vctk-0.92,6,INT,12.0,0.9407133746281939,0.7020819751324722
vctk-0.92:p329,vctk-0.92,6,INT,30.0,0.9372537857181555,0.7016214367135923
vctk-0.92:p329,vctk-0.92,6,INT,60.0,0.9782061640174863,0.7024093992907149
vctk-0.92:p329,vctk-0.92,6,INT,90.0,0.9559105773648072,0.7031689927747796
vctk-0.92:p329,vctk-0.92,7,INT,6.0,-2.6024182590261433,0.6819881302918147
vctk-0.92:p329,vctk-0.92,7,INT,12.0,0.4927486697518677,0.7261332190319676
vctk-0.92:p329,vctk-0.92,7,INT,30.0,0.3374208720057788,0.7256784179651771
vctk-0.92:p329,vctk-0.92,7,INT,60.0,0.21190119020974937,0.7258108243608111
vctk-0.92:p329,vctk-0.92,7,INT,90.0,0.2439415238195194,0.7251898906416478
vctk-0.92:p329,vctk-0.92,8,INT,6.0,-5.190872885730187,0.6519680783865146
vctk-0.92:p329,vctk-0.92,8,INT,12.0,-0.2079858006038441,0.7014927746312646
vctk-0.92:p329,vctk-0.92,8,INT,30.0,-0.16551032553143555,0.7009231134254392
vctk-0.92:p329,vctk-0.92,8,INT,60.0,-0.013827168452945552,0.7037700221254068
vctk-0.92:p329,vctk-0.92,8,INT,90.0,0.11315563250604033,0.7027261538410107
vctk-0.92:p329,vctk-0.92,9,INT,6.0,-5.997435915752589,0.6641639485153812
vctk-0.92:p329,vctk-0.92,9,INT,12.0,0.42516223064926734,0.7445677980617168
vctk-0.92:p329,vctk-0.92,9,INT,30.0,0.5571449047048569,0.7431800263764368
vctk-0.92:p329,vctk-0.92,9,INT,60.0,0.35031306238083576,0.750634420028884
vctk-0.92:p329,vctk-0.92,9,INT,90.0,0.47043653910503586,0.7503944613760725
vctk-0.92:p329,vctk-0.92,10,INTN,6.0,-8.389056377121209,0.4891711128099789
vctk-0.92:p329,vctk-0.92,10,INTN,12.0,-4.500617302501931,0.5674305817831977
vctk-0.92:p329,vctk-0.92,10,INTN,30.0,-4.058606883089407,0.5746542862265658
vctk-0.92:p329,vctk-0.92,10,INTN,60.0,-3.512508730797418,0.5819766864551714
vctk-0.92:p329,vctk-0.92,10,INTN,90.0,-3.1463356584652806,0.5891892141532966
vctk-0.92:p329,vctk-0.92,11,INTN,6.0,-8.563893818450259,0.4619035434189325
vctk-0.92:p329,vctk-0.92,11,INTN,12.0,-3.9173889806147635,0.4953083379043732
vctk-0.92:p329,vctk-0.92,11,INTN,30.0,-3.838905691705353,0.4994909827223311
vctk-0.92:p329,vctk-0.92,11,INTN,60.0,-3.252289437087969,0.5063428881066455
vctk-0.92:p329,vctk-0.92,11,INTN,90.0,-3.1407935183629063,0.50708764928054
vctk-0.92:p329,vctk-0.92,12,INTN,6.0,-4.741647088749038,0.47973286309650454
vctk-0.92:p329,vctk-0.92,12,INTN,12.0,-1.7222464889272455,0.5420006714093214
vctk-0.92:p329,vctk-0.92,12,INTN,30.0,-1.8689135373421548,0.5428304314888445
vctk-0.92:p329,vctk-0.92,12,INTN,60.0,-1.646549955674022,0.5482945720523242
vctk-0.92:p329,vctk-0.92,12,INTN,90.0,-1.4679068346349453,0.5521688618205433
vctk-0.92:p329,vctk-0.92,13,INTN,6.0,-1.1727650740690387,0.5983632740022778
vctk-0.92:p329,vctk-0.92,13,INTN,12.0,-1.1643495987226127,0.6009954670214187
vctk-0.92:p329,vctk-0.92,13,INTN,30.0,-1.1733038568872969,0.6013422433952428
vctk-0.92:p329,vctk-0.92,13,INTN,60.0,-1.1451423573272608,0.6011105678956147
vctk-0.92:p329,vctk-0.92,13,INTN,90.0,-1.1407345588197888,0.6018037738569205
vctk-0.92:p329,vctk-0.92,14,INTN,6.0,0.39820313949145464,0.6158753478538427
vctk-0.92:p329,vctk-0.92,14,INTN,12.0,1.7583806212278412,0.6277512273747412
vctk-0.92:p329,vctk-0.92,14,INTN,30.0,1.8180441969324885,0.6278124772953988
vctk-0.92:p329,vctk-0.92,14,INTN,60.0,1.8456445516642583,0.6285234028165759
vctk-0.92:p329,vctk-0.92,14,INTN,90.0,1.9034119058692436,0.62878018401133
vctk-0.92:p329,vctk-0.92,15,INTN,6.0,1.3595545673274,0.8173010611132862
vctk-0.92:p329,vctk-0.92,15,INTN,12.0,2.7710597507640173,0.847133519120774
vctk-0.92:p329,vctk-0.92,15,INTN,30.0,2.849934107995789,0.8480087580366878
vctk-0.92:p329,vctk-0.92,15,INTN,60.0,2.708382640091204,0.8406564845679423
vctk-0.92:p329,vctk-0.92,15,INTN,90.0,2.812843425838571,0.8460211350985771
vctk-0.92:p329,vctk-0.92,16,INTN,6.0,-1.9381365773779322,0.6399024232745387
vctk-0.92:p329,vctk-0.92,16,INTN,12.0,0.7272229753677878,0.6799555840725643
vctk-0.92:p329,vctk-0.92,16,INTN,30.0,0.7684186325566648,0.6808564835960084
vctk-0.92:p329,vctk-0.92,16,INTN,60.0,0.28548390315570243,0.6715372676049891
vctk-0.92:p329,vctk-0.92,16,INTN,90.0,0.8748701978793889,0.6785835064968037
vctk-0.92:p329,vctk-0.92,17,INTN,6.0,-3.4177693468636483,0.7004633612068681
vctk-0.92:p329,vctk-0.92,17,INTN,12.0,-0.8772208780452635,0.7529809573744822
vctk-0.92:p329,vctk-0.92,17,INTN,30.0,-0.8047911230842725,0.7543454640323235
vctk-0.92:p329,vctk-0.92,17,INTN,60.0,-0.7183757528083868,0.7547081552396456
vctk-0.92:p329,vctk-0.92,17,INTN,90.0,-0.5446443821412713,0.759284116083888
vctk-0.92:p329,vctk-0.92,18,NOISE,6.0,8.262448809739846,0.6259718800824882
vctk-0.92:p329,vctk-0.92,18,NOISE,12.0,12.570389450765418,0.6579531379673352
vctk-0.92:p329,vctk-0.92,18,NOISE,30.0,12.684666589333503,0.6552816706688441
vctk-0.92:p329,vctk-0.92,18,NOISE,60.0,12.883287291295781,0.6545857854986828
vctk-0.92:p329,vctk-0.92,18,NOISE,90.0,12.97130648490654,0.6579638673322047
vctk-0.92:p329,vctk-0.92,19,NOISE,6.0,3.383332529572734,0.6790660209029653
vctk-0.92:p329,vctk-0.92,19,NOISE,12.0,11.026506246178087,0.8091544992106691
vctk-0.92:p329,vctk-0.92,19,NOISE,30.0,11.058519007816514,0.8116501620267867
vctk-0.92:p329,vctk-0.92,19,NOISE,60.0,10.847755334906331,0.8154311602695593
vctk-0.92:p329,vctk-0.92,19,NOISE,90.0,11.481577185992416,0.8177680658144634
vctk-0.92:p329,vctk-0.92,20,NOISE,6.0,-3.646604925162118,0.5363425446843425
vctk-0.92:p329,vctk-0.92,20,NOISE,12.0,3.929330027316096,0.6083550443468709
vctk-0.92:p329,vctk-0.92,20,NOISE,30.0,5.005081299027676,0.6137388141202565
vctk-0.92:p329,vctk-0.92,20,NOISE,60.0,5.592947642860758,0.6155472250061401
vctk-0.92:p329,vctk-0.92,20,NOISE,90.0,5.87862542074235,0.615170087938267
vctk-0.92:p329,vctk-0.92,21,NOISE,6.0,-0.0837292568506296,0.639196020951029
vctk-0.92:p329,vctk-0.92,21,NOISE,12.0,8.574128856075568,0.7598556514634366
vctk-0.92:p329,vctk-0.92,21,NOISE,30.0,9.815479622042659,0.7615750088416576
vctk-0.92:p329,vctk-0.92,21,NOISE,60.0,9.623259139793307,0.76051013121288
vctk-0.92:p329,vctk-0.92,21,NOISE,90.0,10.185942645723223,0.7627659420644974
vctk-0.92:p329,vctk-0.92,22,NOISE,6.0,2.5302916841506695,0.7583234443747274
vctk-0.92:p329,vctk-0.92,22,NOISE,12.0,11.3881387097126,0.8595040198273316
vctk-0.92:p329,vctk-0.92,22,NOISE,30.0,11.76107201163474,0.8614659706587232
vctk-0.92:p329,vctk-0.92,22,NOISE,60.0,11.882795045941895,0.8610821898775135
vctk-0.92:p329,vctk-0.92,22,NOISE,90.0,12.200246059009674,0.8626259246316446
vctk-0.92:p329,vctk-0.92,23,NOISE,6.0,6.1450103640605365,0.7330651206410277
vctk-0.92:p329,vctk-0.92,23,NOISE,12.0,6.111511929756628,0.7366041635739755
vctk-0.92:p329,vctk-0.92,23,NOISE,30.0,6.137747437953216,0.7370718432719375
vctk-0.92:p329,vctk-0.92,23,NOISE,60.0,6.114585186158275,0.7347300970197322
vctk-0.92:p329,vctk-0.92,23,NOISE,90.0,6.122559176855485,0.7340128606921276
vctk-0.92:p339,vctk-0.92,0,INT,6.0,-5.015029286951169,0.5898500603177647
vctk-0.92:p339,vctk-0.92,0,INT,12.0,-4.174187772266858,0.5710220831549381
vctk-0.92:p339,vctk-0.92,0,INT,30.0,-3.92680411350371,0.5620243557585131
vctk-0.92:p339,vctk-0.92,0,INT,60.0,-4.958906264964497,0.5501424807947278
vctk-0.92:p339,vctk-0.92,0,INT,90.0,-4.896850315059466,0.5515086069843149
vctk-0.92:p339,vctk-0.92,1,INT,6.0,1.312922516464371,0.6822612882397303
vctk-0.92:p339,vctk-0.92,1,INT,12.0,2.1557372460616295,0.6916188843445688
vctk-0.92:p339,vctk-0.92,1,INT,30.0,2.6046664965468285,0.7012930374888663
vctk-0.92:p339,vctk-0.92,1,INT,60.0,2.8921964856026854,0.6971909477287718
vctk-0.92:p339,vctk-0.92,1,INT,90.0,2.8212723132997994,0.6953391258115548
vctk-0.92:p339,vctk-0.92,2,INT,6.0,-0.8934713790666443,0.6582102033341056
vctk-0.92:p339,vctk-0.92,2,INT,12.0,-4.729610435244686,0.6256289464152793
vctk-0.92:p339,vctk-0.92,2,INT,30.0,-4.102874300161662,0.637356128343627
vctk-0.92:p339,vctk-0.92,2,INT,60.0,-6.855796475835299,0.5942502565376588
vctk-0.92:p339,vctk-0.92,2,INT,90.0,-6.380679309771666,0.6040287425625693
vctk-0.92:p339,vctk-0.92,3,INT,6.0,-1.325898488781515,0.601038157058738
vctk-0.92:p339,vctk-0.92,3,INT,12.0,-1.9414799642946126,0.6023866498572242
vctk-0.92:p339,vctk-0.92,3,INT,30.0,-5.177111361909137,0.5797123022211329
vctk-0.92:p339,vctk-0.92,3,INT,60.0,-3.9865352432843797,0.5691798510217989
vctk-0.92:p339,vctk-0.92,3,INT,90.0,-4.414443857492899,0.5677410037847305
vctk-0.92:p339,vctk-0.92,4,INT,6.0,-1.4151585164222562,0.6081549012103494
vctk-0.92:p339,vctk-0.92,4,INT,12.0,-0.7314189857325865,0.6065393914431588
vctk-0.92:p339,vctk-0.92,4,INT,30.0,-1.0943893944203509,0.6032037866583849
vctk-0.92:p339,vctk-0.92,4,INT,60.0,-1.5836017103559124,0.5955203318218912
vctk-0.92:p339,vctk-0.92,4,INT,90.0,-1.6026404061173931,0.5930139748329281
vctk-0.92:p339,vctk-0.92,5,INT,6.0,-6.545645620543053,0.496912122075908
vctk-0.92:p339,vctk-0.92,5,INT,12.0,-6.058749082685861,0.5374352300510457
vctk-0.92:p339,vctk-0.92,5,INT,30.0,-6.210504439616717,0.5189743429953557
vctk-0.92:p339,vctk-0.92,5,INT,60.0,-7.605828558402014,0.5050125830711447
vctk-0.92:p339,vctk-0.92,5,INT,90.0,-7.922171728748978,0.5049739183715195
vctk-0.92:p339,vctk-0.92,6,INT,6.0,-0.3102324224999074,0.6822574877381083
vctk-0.92:p339,vctk-0.92,6,INT,12.0,0.8868091400559215,0.6660201599078578
vctk-0.92:p339,vctk-0.92,6,INT,30.0,2.191380712094381,0.6569330201299598
vctk-0.92:p339,vctk-0.92,6,INT,60.0,1.9193659862630568,0.6329901007703772
vctk-0.92:p339,vctk-0.92,6,INT,90.0,1.8918421682177085,0.6316705198936664
vctk-0.92:p339,vctk-0.92,7,INT,6.0,-0.40879903316945376,0.7981328409434661
vctk-0.92:p339,vctk-0.92,7,INT,12.0,-0.4855139135157704,0.7979101651831974
vctk-0.92:p339,vctk-0.92,7,INT,30.0,-0.44969676397247405,0.7965178074717881
vctk-0.92:p339,vctk-0.92,7,INT,60.0,-0.8825516286315941,0.7942532995838009
vctk-0.92:p339,vctk-0.92,7,INT,90.0,-0.8517299701496043,0.7937600492115253
vctk-0.92:p339,vctk-0.92,8,INT,6.0,1.0223993713371051,0.8471285886637184
vctk-0.92:p339,vctk-0.92,8,INT,12.0,0.31090525172424677,0.844455149106115
vctk-0.92:p339,vctk-0.92,8,INT,30.0,0.14000640352705854,0.8446403451650384
vctk-0.92:p339,vctk-0.92,8,INT,60.0,-0.453007165359321,0.8381147784451213
vctk-0.92:p339,vctk-0.92,8,INT,90.0,-0.5841622782960223,0.8364520470848342
vctk-0.92:p339,vctk-0.92,9,INT,6.0,-2.6118366099300743,0.7743334868361306
vctk-0.92:p339,vctk-0.92,9,INT,12.0,-2.0868284066492016,0.8001926867405036
vctk-0.92:p339,vctk-0.92,9,INT,30.0,-2.3227525854077173,0.7979096626639519
vctk-0.92:p339,vctk-0.92,9,INT,60.0,-3.0662394180158254,0.7855430975703793
vctk-0.92:p339,vctk-0.92,9,INT,90.0,-2.946165153900355,0.7866869269651654
vctk-0.92:p339,vctk-0.92,10,INTN,6.0,2.840510035739833,0.6662574048483361
vctk-0.92:p339,vctk-0.92,10,INTN,12.0,3.462880308422451,0.6693111289928068
vctk-0.92:p339,vctk-0.92,10,INTN,30.0,4.102185846123423,0.6719451458739023
vctk-0.92:p339,vctk-0.92,10,INTN,60.0,3.797623909369513,0.6657652031115803
vctk-0.92:p339,vctk-0.92,10,INTN,90.0,3.7501603252928954,0.6643384235178615
vctk-0.92:p339,vctk-0.92,11,INTN,6.0,-2.1512203544976782,0.6017113204018031
vctk-0.92:p339,vctk-0.92,11,INTN,12.0,-2.2247711648690296,0.5978949564768564
vctk-0.92:p339,vctk-0.92,11,INTN,30.0,-3.3963474925286943,0.5900171233966255
vctk-0.92:p339,vctk-0.92,11,INTN,60.0,-3.8178248827307484,0.5763518941208183
vctk-0.92:p339,vctk-0.92,11,INTN,90.0,-3.7793428280532004,0.5796181987261259
vctk-0.92:p339,vctk-0.92,12,INTN,6.0,2.975948258069558,0.484927202721018
vctk-0.92:p339,vctk-0.92,12,INTN,12.0,2.9870249143151972,0.4831098461048015
vctk-0.92:p339,vctk-0.92,12,INTN,30.0,2.8847996830135814,0.48046250531792634
vctk-0.92:p339,vctk-0.92,12,INTN,60.0,2.9587644250862746,0.4824151665921395
vctk-0.92:p339,vctk-0.92,12,INTN,90.0,2.8766845034980473,0.4827910255704025
vctk-0.92:p339,vctk-0.92,13,INTN,6.0,-0.08504776041204633,0.6717699349104057
vctk-0.92:p339,vctk-0.92,13,INTN,12.0,0.2639457837880314,0.6657479269016875
vctk-0.92:p339,vctk-0.92,13,INTN,30.0,0.2170742535870821,0.6644689395790867
vctk-0.92:p339,vctk-0.92,13,INTN,60.0,0.34614124905888405,0.6613567790387104
vctk-0.92:p339,vctk-0.92,13,INTN,90.0,0.34676449181498037,0.661431068633616
vctk-0.92:p339,vctk-0.92,14,INTN,6.0,2.29961901613787,0.7384772348781508
vctk-0.92:p339,vctk-0.92,14,INTN,12.0,2.2738608576227017,0.7392927083858498
vctk-0.92:p339,vctk-0.92,14,INTN,30.0,2.261496791370202,0.7381902728110323
vctk-0.92:p339,vctk-0.92,14,INTN,60.0,2.2674295859384395,0.7395867519315119
vctk-0.92:p339,vctk-0.92,14,INTN,90.0,2.2390779071440305,0.7391176523611375
vctk-0.92:p339,vctk-0.92,15,INTN,6.0,3.855214219755551,0.7136389357848468
vctk-0.92:p339,vctk-0.92,15,INTN,12.0,3.8976098575551474,0.7177543295513557
vctk-0.92:p339,vctk-0.92,15,INTN,30.0,3.864003745981106,0.7189943196845309
vctk-0.92:p339,vctk-0.92,15,INTN,60.0,3.3745368675192275,0.7094288939269361
vctk-0.92:p339,vctk-0.92,15,INTN,90.0,3.0748292858486352,0.7074261161488895
vctk-0.92:p339,vctk-0.92,16,INTN,6.0,1.9439612037091851,0.6271718130528293
vctk-0.92:p339,vctk-0.92,16,INTN,12.0,1.7003780823930228,0.6265419155712085
vctk-0.92:p339,vctk-0.92,16,INTN,30.0,1.5776775341193254,0.6263383400315509
vctk-0.92:p339,vctk-0.92,16,INTN,60.0,1.5502506205150886,0.6260345017343713
vctk-0.92:p339,vctk-0.92,16,INTN,90.0,1.5228028539520861,0.6257484761453548
vctk-0.92:p339,vctk-0.92,17,INTN,6.0,-9.272190623283649,0.5018855710088735
vctk-0.92:p339,vctk-0.92,17,INTN,12.0,-8.413349626312039,0.5342559453322185
vctk-0.92:p339,vctk-0.92,17,INTN,30.0,-8.533260679062414,0.5416394926960475
vctk-0.92:p339,vctk-0.92,17,INTN,60.0,-9.452628791494407,0.5321807297466772
vctk-0.92:p339,vctk-0.92,17,INTN,90.0,-9.102936718032401,0.5337173263526859
vctk-0.92:p339,vctk-0.92,18,NOISE,6.0,12.68811012291384,0.636700703526663
vctk-0.92:p339,vctk-0.92,18,NOISE,12.0,12.464266009158687,0.6367516710302222
vctk-0.92:p339,vctk-0.92,18,NOISE,30.0,12.3248277808299,0.6366867013057641
vctk-0.92:p339,vctk-0.92,18,NOISE,60.0,12.368677247099308,0.6364319533240783
vctk-0.92:p339,vctk-0.92,18,NOISE,90.0,12.426880480962879,0.6362692735655636
vctk-0.92:p339,vctk-0.92,19,NOISE,6.0,12.39345955463032,0.7471249485697763
vctk-0.92:p339,vctk-0.92,19,NOISE,12.0,12.016069721247883,0.7402410091077328
vctk-0.92:p339,vctk-0.92,19,NOISE,30.0,12.163251757433278,0.740449248053106
vctk-0.92:p339,vctk-0.92,19,NOISE,60.0,10.872591572599328,0.7344567698746344
vctk-0.92:p339,vctk-0.92,19,NOISE,90.0,11.240548251550479,0.7345599836050374
vctk-0.92:p339,vctk-0.92,20,NOISE,6.0,9.027244020522206,0.7670040791311115
vctk-0.92:p339,vctk-0.92,20,NOISE,12.0,9.091389625790418,0.7711626842727504
vctk-0.92:p339,vctk-0.92,20,NOISE,30.0,9.00762930166839,0.767766438538413
vctk-0.92:p339,vctk-0.92,20,NOISE,60.0,8.944428856338648,0.763848224530464
vctk-0.92:p339,vctk-0.92,20,NOISE,90.0,9.019315632441272,0.7643818718160289
vctk-0.92:p339,vctk-0.92,21,NOISE,6.0,14.371129227354018,0.6001703388524589
vctk-0.92:p339,vctk-0.92,21,NOISE,12.0,14.052944327941795,0.5720098318286383
vctk-0.92:p339,vctk-0.92,21,NOISE,30.0,14.004203695436294,0.5698097486237514
vctk-0.92:p339,vctk-0.92,21,NOISE,60.0,13.48126575508241,0.5682856804840904
vctk-0.92:p339,vctk-0.92,21,NOISE,90.0,13.395451195052265,0.5674697756409551
vctk-0.92:p339,vctk-0.92,22,NOISE,6.0,9.685981299604036,0.7472159244092257
vctk-0.92:p339,vctk-0.92,22,NOISE,12.0,9.615543569514996,0.742928694891383
vctk-0.92:p339,vctk-0.92,22,NOISE,30.0,9.550875151888603,0.7430351037928191
vctk-0.92:p339,vctk-0.92,22,NOISE,60.0,9.45535185313396,0.7360180255361524
vctk-0.92:p339,vctk-0.92,22,NOISE,90.0,9.430183085256061,0.7352984597163562
vctk-0.92:p339,vctk-0.92,23,NOISE,6.0,2.2113899064375175,0.7664716942231916
vctk-0.92:p339,vctk-0.92,23,NOISE,12.0,0.6276472142435128,0.8071376502420692
vctk-0.92:p339,vctk-0.92,23,NOISE,30.0,-1.2934094231361424,0.8010098747403038
vctk-0.92:p339,vctk-0.92,23,NOISE,60.0,-4.150651368689275,0.7558856794326897
vctk-0.92:p339,vctk-0.92,23,NOISE,90.0,-3.8098738521089603,0.7586207072855816
vctk-0.92:p361,vctk-0.92,0,INT,6.0,-9.820701296797191,0.5524951940817853
vctk-0.92:p361,vctk-0.92,0,INT,12.0,-14.235889578545583,0.4611061121590841
vctk-0.92:p361,vctk-0.92,0,INT,30.0,-10.917105291365274,0.48702184026806367
vctk-0.92:p361,vctk-0.92,0,INT,60.0,-14.441348836980191,0.4602950251917175
vctk-0.92:p361,vctk-0.92,0,INT,90.0,-17.098504997707593,0.42090407650007733
vctk-0.92:p361,vctk-0.92,1,INT,6.0,-21.594611529261098,0.40502237383131084
vctk-0.92:p361,vctk-0.92,1,INT,12.0,-20.224912510055717,0.3888947138072183
vctk-0.92:p361,vctk-0.92,1,INT,30.0,-18.759812382601655,0.3854490710677024
vctk-0.92:p361,vctk-0.92,1,INT,60.0,-19.679890808633775,0.34883878611169766
vctk-0.92:p361,vctk-0.92,1,INT,90.0,-21.02852910585018,0.33889564512342596
vctk-0.92:p361,vctk-0.92,2,INT,6.0,-4.274902337293355,0.26309497325586045
vctk-0.92:p361,vctk-0.92,2,INT,12.0,-5.740849977891429,0.23289711332511553
vctk-0.92:p361,vctk-0.92,2,INT,30.0,-4.8826679724371855,0.23231634069486148
vctk-0.92:p361,vctk-0.92,2,INT,60.0,-5.095750437757289,0.21454017738038322
vctk-0.92:p361,vctk-0.92,2,INT,90.0,-5.099856985750865,0.2139974058173406
vctk-0.92:p361,vctk-0.92,3,INT,6.0,-1.970588536631993,0.6210714629503298
vctk-0.92:p361,vctk-0.92,3,INT,12.0,-3.617566156570336,0.5738283812403596
vctk-0.92:p361,vctk-0.92,3,INT,30.0,-2.710473549112566,0.6155139623288619
vctk-0.92:p361,vctk-0.92,3,INT,60.0,-3.603143716364936,0.5921047000897954
vctk-0.92:p361,vctk-0.92,3,INT,90.0,-4.082189661766114,0.5789127424201623
vctk-0.92:p361,vctk-0.92,4,INT,6.0,0.6172932929795841,0.6808397976236389
vctk-0.92:p361,vctk-0.92,4,INT,12.0,-0.5294664861454087,0.6286695375038983
vctk-0.92:p361,vctk-0.92,4,INT,30.0,0.4196748403024766,0.6402055025001406
vctk-0.92:p361,vctk-0.92,4,INT,60.0,-0.0013452324528967867,0.6184535041353245
vctk-0.92:p361,vctk-0.92,4,INT,90.0,-0.8509160057369556,0.5993977464936794
vctk-0.92:p361,vctk-0.92,5,INT,6.0,-16.23353614321045,0.4783060773489294
vctk-0.92:p361,vctk-0.92,5,INT,12.0,-28.497497050141323,0.33946366474327155
vctk-0.92:p361,vctk-0.92,5,INT,30.0,-27.176199673191345,0.37808419627075995
vctk-0.92:p361,vctk-0.92,5,INT,60.0,-32.90129393591729,0.32309134296614456
vctk-0.92:p361,vctk-0.92,5,INT,90.0,-34.44941862855484,0.318576305282252
vctk-0.92:p361,vctk-0.92,6,INT,6.0,-3.4838909690456332,0.6933416948102207
vctk-0.92:p361,vctk-0.92,6,INT,12.0,-6.980496109909786,0.6201690173427067
vctk-0.92:p361,vctk-0.92,6,INT,30.0,-5.467859943202574,0.6568078978884712
vctk-0.92:p361,vctk-0.92,6,INT,60.0,-6.7046572573454455,0.634621424752216
vctk-0.92:p361,vctk-0.92,6,INT,90.0,-7.079613591028925,0.6150857337565977
vctk-0.92:p361,vctk-0.92,7,INT,6.0,-23.1486507555495,0.36746433950416707
vctk-0.92:p361,vctk-0.92,7,INT,12.0,-24.38791378696574,0.2910451769723669
vctk-0.92:p361,vctk-0.92,7,INT,30.0,-25.16705951937496,0.3161442340453042
vctk-0.92:p361,vctk-0.92,7,INT,60.0,-31.416273150696966,0.2612425477506191
vctk-0.92:p361,vctk-0.92,7,INT,90.0,-32.87316085251952,0.2340335841480036
vctk-0.92:p361,vctk-0.92,8,INT,6.0,-4.2303975217821295,0.6861358670602667
vctk-0.92:p361,vctk-0.92,8,INT,12.0,-9.4764844845749,0.6200431875969734
vctk-0.92:p361,vctk-0.92,8,INT,30.0,-7.3315812186752245,0.6555711496983152
vctk-0.92:p361,vctk-0.92,8,INT,60.0,-10.239388460288302,0.6358840511407694
vctk-0.92:p361,vctk-0.92,8,INT,90.0,-10.914213567095002,0.6449968627500651
vctk-0.92:p361,vctk-0.92,9,INT,6.0,-4.549621221119492,0.5457320134338332
vctk-0.92:p361,vctk-0.92,9,INT,12.0,-7.003683541570514,0.41753988555517835
vctk-0.92:p361,vctk-0.92,9,INT,30.0,-5.968715953481866,0.45332286616465445
vctk-0.92:p361,vctk-0.92,9,INT,60.0,-6.6777848035313925,0.4193144189560054
vctk-0.92:p361,vctk-0.92,9,INT,90.0,-7.083971745821308,0.38619986118461697
vctk-0.92:p361,vctk-0.92,10,INTN,6.0,-11.36390038020334,0.5052426017341793
vctk-0.92:p361,vctk-0.92,10,INTN,12.0,-10.38823480984716,0.3465142674693776
vctk-0.92:p361,vctk-0.92,10,INTN,30.0,-7.629480319414495,0.39819025861759677
vctk-0.92:p361,vctk-0.92,10,INTN,60.0,-8.780187052669744,0.366895263897054
vctk-0.92:p361,vctk-0.92,10,INTN,90.0,-9.768055091325282,0.33644622998515833
vctk-0.92:p361,vctk-0.92,11,INTN,6.0,-1.200565296094834,0.4596841594164694
vctk-0.92:p361,vctk-0.92,11,INTN,12.0,3.1529796806602506,0.5001599171543928
vctk-0.92:p361,vctk-0.92,11,INTN,30.0,4.11846740889935,0.5220226833829653
vctk-0.92:p361,vctk-0.92,11,INTN,60.0,4.3051560761412615,0.5180449371285138
vctk-0.92:p361,vctk-0.92,11,INTN,90.0,4.535162746200537,0.5188354043775032
vctk-0.92:p361,vctk-0.92,12,INTN,6.0,-11.354079550744977,0.3987872851812002
vctk-0.92:p361,vctk-0.92,12,INTN,12.0,-7.452460309459378,0.3110785991617233
vctk-0.92:p361,vctk-0.92,12,INTN,30.0,-5.862876238991451,0.3445294475690211
vctk-0.92:p361,vctk-0.92,12,INTN,60.0,-7.2129076413186555,0.31920075537107206
vctk-0.92:p361,vctk-0.92,12,INTN,90.0,-6.984865875532481,0.29481193610436973
vctk-0.92:p361,vctk-0.92,13,INTN,6.0,0.8887100332200312,0.6602866272485262
vctk-0.92:p361,vctk-0.92,13,INTN,12.0,2.6576161450896643,0.6805755086492601
vctk-0.92:p361,vctk-0.92,13,INTN,30.0,4.524500543835383,0.7483379465340384
vctk-0.92:p361,vctk-0.92,13,INTN,60.0,5.034012316357782,0.7378141083021581
vctk-0.92:p361,vctk-0.92,13,INTN,90.0,5.141237975922813,0.7327883926682167
vctk-0.92:p361,vctk-0.92,14,INTN,6.0,-2.304734261225859,0.43662128814420825
vctk-0.92:p361,vctk-0.92,14,INTN,12.0,-1.8527273943132634,0.4459783096109778
vctk-0.92:p361,vctk-0.92,14,INTN,30.0,-1.338448579116003,0.4393846744822403
vctk-0.92:p361,vctk-0.92,14,INTN,60.0,-1.613364936085091,0.4353767148702759
vctk-0.92:p361,vctk-0.92,14,INTN,90.0,-1.5973461768801673,0.451284522937977
vctk-0.92:p361,vctk-0.92,15,INTN,6.0,0.4392557932116215,0.6027643347298003
vctk-0.92:p361,vctk-0.92,15,INTN,12.0,-0.22289742419715766,0.6025964461721939
vctk-0.92:p361,vctk-0.92,15,INTN,30.0,0.2397192470887949,0.620007173904396
vctk-0.92:p361,vctk-0.92,15,INTN,60.0,-0.314948248842778,0.6133551805552542
vctk-0.92:p361,vctk-0.92,15,INTN,90.0,-0.454061503114821,0.6099739812987072
vctk-0.92:p361,vctk-0.92,16,INTN,6.0,-5.787103491306343,0.34987190451457256
vctk-0.92:p361,vctk-0.92,16,INTN,12.0,-5.748344862211089,0.36339376291584863
vctk-0.92:p361,vctk-0.92,16,INTN,30.0,-4.631315194433486,0.3801501975064265
vctk-0.92:p361,vctk-0.92,16,INTN,60.0,-4.326558607376279,0.37248854141052484
vctk-0.92:p361,vctk-0.92,16,INTN,90.0,-3.7515424451419044,0.3740055621644613
vctk-0.92:p361,vctk-0.92,17,INTN,6.0,-3.149877008301793,0.6523629289139343
vctk-0.92:p361,vctk-0.92,17,INTN,12.0,-4.386122544814995,0.5652614548135289
vctk-0.92:p361,vctk-0.92,17,INTN,30.0,-4.381849765084119,0.5925787348404247
vctk-0.92:p361,vctk-0.92,17,INTN,60.0,-5.0312304197566755,0.5571248919243025
vctk-0.92:p361,vctk-0.92,17,INTN,90.0,-5.1825893394712566,0.5415988567648272
vctk-0.92:p361,vctk-0.92,18,NOISE,6.0,13.930370663337136,0.6492552015286587
vctk-0.92:p361,vctk-0.92,18,NOISE,12.0,9.81278983848496,0.6157045298513726
vctk-0.92:p361,vctk-0.92,18,NOISE,30.0,11.613130177956018,0.6556209268248699
vctk-0.92:p361,vctk-0.92,18,NOISE,60.0,9.7889914595038,0.6192409386340275
vctk-0.92:p361,vctk-0.92,18,NOISE,90.0,9.714373661157559,0.6204326748494505
vctk-0.92:p361,vctk-0.92,19,NOISE,6.0,-13.562634442075359,0.42060306004872944
vctk-0.92:p361,vctk-0.92,19,NOISE,12.0,-14.743612475496933,0.4315615359515444
vctk-0.92:p361,vctk-0.92,19,NOISE,30.0,-14.500434286785783,0.4800493690456316
vctk-0.92:p361,vctk-0.92,19,NOISE,60.0,-15.974436890789372,0.43890442524681456
vctk-0.92:p361,vctk-0.92,19,NOISE,90.0,-16.153489940097966,0.44841664653575664
vctk-0.92:p361,vctk-0.92,20,NOISE,6.0,-23.97429871171032,0.45190814723974176
vctk-0.92:p361,vctk-0.92,20,NOISE,12.0,-22.769952816610665,0.3605823491199569
vctk-0.92:p361,vctk-0.92,20,NOISE,30.0,-22.783242025027672,0.38372434720918897
vctk-0.92:p361,vctk-0.92,20,NOISE,60.0,-27.624084762474464,0.35349261195296844
vctk-0.92:p361,vctk-0.92,20,NOISE,90.0,-25.963264879372918,0.3523891594886252
vctk-0.92:p361,vctk-0.92,21,NOISE,6.0,12.41982628121607,0.7334035072880969
vctk-0.92:p361,vctk-0.92,21,NOISE,12.0,11.759078292945716,0.7166793145418722
vctk-0.92:p361,vctk-0.92,21,NOISE,30.0,12.145997426680617,0.725221443976756
vctk-0.92:p361,vctk-0.92,21,NOISE,60.0,11.830312558811164,0.7159588590010709
vctk-0.92:p361,vctk-0.92,21,NOISE,90.0,11.652535860806706,0.7128818469296899
vctk-0.92:p361,vctk-0.92,22,NOISE,6.0,-3.476057397828569,0.5105043249042652
vctk-0.92:p361,vctk-0.92,22,NOISE,12.0,-10.527857197712722,0.3612846926890419
vctk-0.92:p361,vctk-0.92,22,NOISE,30.0,-6.961955352379775,0.4064080993112067
vctk-0.92:p361,vctk-0.92,22,NOISE,60.0,-10.92194479299328,0.34051659025870507
vctk-0.92:p361,vctk-0.92,22,NOISE,90.0,-11.447961238706613,0.324622618529391
vctk-0.92:p361,vctk-0.92,23,NOISE,6.0,-0.4703887694145834,0.8039902170571082
vctk-0.92:p361,vctk-0.92,23,NOISE,12.0,-2.191055695231015,0.8072611465776647
vctk-0.92:p361,vctk-0.92,23,NOISE,30.0,-1.1318824799282847,0.8500385763458884
vctk-0.92:p361,vctk-0.92,23,NOISE,60.0,-2.6918167789735734,0.8467178447712683
vctk-0.92:p361,vctk-0.92,23,NOISE,90.0,-3.2461290944267027,0.8337176626789238
